Job ID,Job URL,Job Title,Company Name,Status,Timestamp,WP ID
7161f2978b663456,https://pg.linkedin.com/jobs/view/production-scheduler-at-bat-4425890321,Production Scheduler,,scraped,2026-07-07T01:05:32.342857,
d42e6acd13fd46ff,https://pg.linkedin.com/jobs/view/draftsman-at-smec-an-sj-group-company-4414915658,Draftsman,SMEC (an SJ Group company),posted,2026-07-07T01:05:53.650182,22
42e0b1a113a8f45a,https://pg.linkedin.com/jobs/view/depot-clerk-lae-at-the-heineken-company-4432304824,Depot Clerk - Lae,The HEINEKEN Company,posted,2026-07-07T01:06:07.431534,24
5e0227fe10e74751,https://pg.linkedin.com/jobs/view/construction-planner-at-wood-4247878337,Construction Planner,Wood,posted,2026-07-07T01:06:22.195512,26
0c6b8c38b2852d96,https://pg.linkedin.com/jobs/view/security-operations-coordinator-physical-security-at-kina-bank-4437112830,Security Operations Coordinator - Physical Security,,scraped,2026-07-07T01:06:24.857901,
66fe51b33b5c4a05,https://pg.linkedin.com/jobs/view/events-coordinator-pie-program-at-abt-global-australia-4435500185,Events Coordinator | PIE Program,,scraped,2026-07-07T01:06:32.081069,
c05e37233e1c9959,https://pg.linkedin.com/jobs/view/autonomous-flight-safety-system-afss-for-hypersonic-weapon-systems-at-the-strategic-spectrum-missions-advanced-resilient-trusted-systems-s%C2%B2marts-ota-4436021924,Autonomous Flight Safety System (AFSS) for Hypersonic Weapon Systems,,scraped,2026-07-07T01:06:38.545642,
1dca54c497906acf,https://pg.linkedin.com/jobs/view/packer-auto-palletiser-operator-at-coca-cola-europacific-partners-4436330297,Packer Auto Palletiser Operator,Coca-Cola Europacific Partners,posted,2026-07-07T01:08:00.834783,28
b049b7d29b4063a4,https://pg.linkedin.com/jobs/view/draftsman-at-sj-group-4414934376,Draftsman,SJ Group,posted,2026-07-07T01:08:09.113950,22
e26d3156851332c5,https://pg.linkedin.com/jobs/view/trade-investment-analyst-at-bat-4436242726,Trade Investment Analyst,,scraped,2026-07-07T01:08:11.718080,
9c3818344d408227,https://pg.linkedin.com/jobs/view/community-affairs-manager-mining-natural-resources-at-pt-talenta-eksekutif-asia-4431935150,Community Affairs Manager (Mining & Natural Resources),PT Talenta Eksekutif Asia,posted,2026-07-07T01:09:42.081191,30
fae8ea36525e12b5,https://pg.linkedin.com/jobs/view/network-engineer-at-applus%2B-pacific-4436482472,Network Engineer,,scraped,2026-07-07T01:09:44.640664,
42c1e1ea1d603b81,https://pg.linkedin.com/jobs/view/health-safety-environment-officer-at-capital-limited-4431998949,Health Safety Environment Officer,Capital Limited,posted,2026-07-07T01:10:05.452530,32
607a409ab346ea75,https://pg.linkedin.com/jobs/view/community-affairs-manager-mining-natural-resources-at-pt-talenta-eksekutif-asia-4431922862,Community Affairs Manager (Mining & Natural Resources),PT Talenta Eksekutif Asia,posted,2026-07-07T01:11:16.091193,30
e54f3e25c1582525,https://pg.linkedin.com/jobs/view/chief-financial-officer-at-spinnaker-4436201467,Chief Financial Officer,,scraped,2026-07-07T01:11:18.583724,
61a65a3b6bc1c9e5,https://pg.linkedin.com/jobs/view/wash-engineer-consultant-triple-s-program-papa-new-guinea-port-morsby-nationals-only-office-based%23594138-at-unicef-4434657079,"WASH Engineer Consultant (Triple S Program) Papa New Guinea. Port Morsby. Nationals only, Office Based#594138",UNICEF,posted,2026-07-07T01:12:43.313087,34
cf45d14c6d05884f,https://pg.linkedin.com/jobs/view/graduate-engineering-internship-recruitment-program-at-exxonmobil-4436757903,Graduate Engineering Internship Recruitment Program,,scraped,2026-07-07T01:12:45.930980,
3c0959f70811ca1e,https://pg.linkedin.com/jobs/view/planner-at-newmont-corporation-4436093974,Planner,,scraped,2026-07-07T01:12:53.947514,
1a82a2c78a2eaeeb,https://pg.linkedin.com/jobs/view/job-credit-analyst-at-png-facts-4437480392,Job: Credit Analyst,,scraped,2026-07-07T01:14:04.609327,
495637ddcb260932,https://pg.linkedin.com/jobs/view/supervisor-front-end-shutdowns-at-newmont-corporation-4436084138,"Supervisor, Front-End Shutdowns",,scraped,2026-07-07T01:14:11.194333,
6b913766cd9c521d,https://pg.linkedin.com/jobs/view/senior-accountant-at-smec-an-sj-group-company-4414924422,Senior Accountant,SMEC (an SJ Group company),posted,2026-07-07T01:15:08.183395,36
028afa63a288c962,https://pg.linkedin.com/jobs/view/technician-permits-at-newmont-corporation-4432335565,"Technician, Permits",,scraped,2026-07-07T01:15:10.866439,
e4cc5e52101ea351,https://pg.linkedin.com/jobs/view/mission-experience-placement-png-at-maf-international-4435786778,Mission Experience Placement - PNG,,scraped,2026-07-07T01:15:17.921598,
077308642e19b563,https://pg.linkedin.com/jobs/view/mine-control-operator-at-k92-mining-inc-4433910932,Mine Control Operator,,scraped,2026-07-07T01:15:25.268711,
a0d2f94feb25ae0d,https://pg.linkedin.com/jobs/view/travel-coordinator-psep-at-abt-global-australia-4434973485,Travel Coordinator | PSEP,,scraped,2026-07-07T01:15:33.329419,
dcf5bdc4a5a74efe,https://pg.linkedin.com/jobs/view/regional-sales-manager-fmcg-at-global-talent-search-4436183316,Regional Sales Manager - FMCG,,scraped,2026-07-07T01:15:40.119376,
21937c394db252e1,https://pg.linkedin.com/jobs/view/senior-accountant-at-sj-group-4414925935,Senior Accountant,SJ Group,posted,2026-07-07T01:16:56.251749,36
029f902d415274d8,https://pg.linkedin.com/jobs/view/graduate-science-internship-program-at-exxonmobil-4436773156,Graduate Science Internship Program,,scraped,2026-07-07T01:16:58.900967,
936313def26a32c4,https://pg.linkedin.com/jobs/view/environment-specialist-international-at-smec-an-sj-group-company-4414914702,Environment Specialist (International),SMEC (an SJ Group company),posted,2026-07-07T01:18:28.985972,38
9def15ec3f7dace0,https://pg.linkedin.com/jobs/view/senior-social-development-and-gender-specialist-at-smec-an-sj-group-company-4414913694,Senior Social Development and Gender Specialist,SMEC (an SJ Group company),posted,2026-07-07T01:19:46.379538,40
fa6a12b386703577,https://pg.linkedin.com/jobs/view/senior-environment-specialist-at-smec-an-sj-group-company-4414929314,Senior Environment Specialist,SMEC (an SJ Group company),posted,2026-07-07T01:19:59.270238,42
e0272361a7ec009b,https://pg.linkedin.com/jobs/view/senior-qc-inspector-dual-welding-coating-at-placements-international-4435286852,Senior QC Inspector - Dual Welding & Coating,,scraped,2026-07-07T01:20:01.816342,
a0e394594a98ebfb,https://pg.linkedin.com/jobs/view/porgera-advisor-senior-%E2%80%93-community-development-at-barrick-mining-corporation-4436022066,"Porgera | Advisor, Senior – Community Development",,scraped,2026-07-07T01:21:12.844399,
c7f5124be89ab0f9,https://pg.linkedin.com/jobs/view/request-for-proposal-opinion-survey-at-dt-global-4324614929,Request for Proposal: Opinion Survey,,scraped,2026-07-07T01:21:19.479733,
50a1285f429aaa7a,https://pg.linkedin.com/jobs/view/hvac-technician-aromatics-at-ineos-styrolution-4416307336,HVAC Technician (Aromatics),,scraped,2026-07-07T01:23:21.930125,
11dc6e2a22925f82,https://pg.linkedin.com/jobs/view/mel-data-analytics-senior-coordinator-at-dt-global-4435421840,MEL Data Analytics Senior Coordinator,,scraped,2026-07-07T01:23:29.513893,
0bcd189068f482fa,https://pg.linkedin.com/jobs/view/business-improvement-specialist-at-harmony-australasia-4434500743,Business Improvement Specialist,,scraped,2026-07-07T12:18:05.206766,
dec15e282c5db0b5,https://pg.linkedin.com/jobs/view/several-job-opportunities-at-png-dataco-at-png-facts-4437486257,Several Job Opportunities at PNG DATACO,,scraped,2026-07-07T12:18:18.154372,
ce5e234029fa8e67,https://pg.linkedin.com/jobs/view/png-operations-and-maintenance-trainee-intake-11-at-exxonmobil-4436316488,PNG Operations and Maintenance Trainee (Intake-11),ExxonMobil,posted,2026-07-07T12:18:33.274591,44
c27b3b3d875c8074,https://pg.linkedin.com/jobs/view/intern-it-sasa-at-pt-sasa-inti-4431931406,Intern IT SASA,,scraped,2026-07-07T12:18:35.636937,
1baaf33ec3b1c9c0,https://pg.linkedin.com/jobs/view/site-safety-manager-%E2%80%93-underground-mining-at-pt-talenta-eksekutif-asia-4435445879,Site Safety Manager – Underground Mining,PT Talenta Eksekutif Asia,posted,2026-07-07T12:18:51.276665,46
876f29e7d8ad57f7,https://pg.linkedin.com/jobs/view/odia-content-writer-editor-remote-at-yo-it-consulting-4436057437,Odia Content Writer/Editor - Remote,,scraped,2026-07-07T12:19:07.659862,
0ad19fd1d26a79ec,https://pg.linkedin.com/jobs/view/technician-mechanical-at-newmont-corporation-4426652559,"Technician, Mechanical",Newmont Corporation,posted,2026-07-07T12:19:25.625627,48
9b74b6215677c8e3,https://pg.linkedin.com/jobs/view/operations-finance-assistant-at-united-nations-volunteers-asia-the-pacific-4436597118,Operations & Finance Assistant,United Nations Volunteers - Asia & the Pacific,posted,2026-07-07T12:19:35.972967,50
9d7171f231a809fd,https://pg.linkedin.com/jobs/view/construction-specialist-at-placements-international-4436523808,Construction Specialist,,scraped,2026-07-07T12:19:38.560381,
830ee7cbd55c8b2a,https://pg.linkedin.com/jobs/view/portfolio-director-of-finance-business-support-at-ihg-hotels-resorts-4433139970,Portfolio Director of Finance & Business Support,,scraped,2026-07-07T12:19:46.650644,
ec677ebb3e170288,https://pg.linkedin.com/jobs/view/director-solution-sales-engineering-pacific-region-png-at-parallel-wireless-4388789400,"Director, Solution Sales Engineering, Pacific region (PNG)",Parallel Wireless,posted,2026-07-07T12:19:59.633336,52
aee6f87ee59e6737,https://pg.linkedin.com/jobs/view/partnership-analyst-at-united-nations-volunteers-4436222583,Partnership Analyst,,scraped,2026-07-07T12:20:02.457057,
2d65ccfea3248a0f,https://pg.linkedin.com/jobs/view/field-education-consultant-bima-gajah-mada-at-ruangguru-for-business-4437770763,Field Education Consultant - Bima Gajah Mada,,scraped,2026-07-07T12:20:11.785988,
415c696117f51a3f,https://pg.linkedin.com/jobs/view/human-resource-development-advisor-bp-apsp-at-abt-global-australia-4436502465,Human Resource Development Advisor | BP-APSP,,scraped,2026-07-07T12:20:19.194646,
5f241e6528445ecb,https://pg.linkedin.com/jobs/view/senior-associate-assurance-audit-at-ey-4413399808,Senior Associate - Assurance - Audit,EY,posted,2026-07-07T12:20:36.501434,54
eb6106198cf9af01,https://pg.linkedin.com/jobs/view/technician-fitter-fpm-at-k92-mining-inc-4433737297,Technician - Fitter (FPM),,scraped,2026-07-07T12:20:41.267432,
eb1a91d5b09d9153,https://pg.linkedin.com/jobs/view/leading-hand-mechanical-at-newmont-corporation-4426632904,"Leading Hand, Mechanical",Newmont Corporation,posted,2026-07-07T12:20:55.988501,56
37cfe5bee4de3c27,https://pg.linkedin.com/jobs/view/strassenbauer-in-strassenbaupraktiker-in-100%25-at-schutz-intervention-winterthur-4435780555,Strassenbauer:in / Strassenbaupraktiker:in (100%),Schutz & Intervention Winterthur,posted,2026-07-07T12:21:34.399531,58
188aba6bbf3ec1dd,https://pg.linkedin.com/jobs/view/porgera-advisor-community-development-at-barrick-mining-corporation-4436017220,Porgera | Advisor - Community Development,,scraped,2026-07-07T20:32:57.596779,
713d51258302ca55,https://pg.linkedin.com/jobs/view/technical-specialist-open-to-internal-and-external-applicants-at-undp-careers-4436744085,Technical Specialist [Open to internal and external applicants],UNDP Careers,posted,2026-07-07T20:33:11.279408,60
666bd4f617f336ce,https://pg.linkedin.com/jobs/view/salesforce-system-solution-architect-at-siemens-healthineers-4424474579,Salesforce System/Solution Architect,,scraped,2026-07-07T20:33:15.709436,
b885c89f14baf5f5,https://pg.linkedin.com/jobs/view/night-shift-traffic-management-operative-high-speed-at-udp-4434682528,Night shift Traffic Management Operative - high-speed,,scraped,2026-07-07T20:33:22.799916,
509f39820e00094b,https://pg.linkedin.com/jobs/view/junior-accountant-at-international-sos-4435391532,Junior Accountant,,scraped,2026-07-07T20:33:30.168552,
5a1af397724e1d92,https://pg.linkedin.com/jobs/view/gedsi-lead-at-dt-global-4427478760,GEDSI Lead,DT Global,posted,2026-07-07T20:33:44.395223,62
a32925d5ac06d8fb,https://pg.linkedin.com/jobs/view/project-associate-emergencies-and-disaster-management-at-iom-un-migration-4437763078,Project Associate (Emergencies and Disaster Management),IOM - UN Migration,posted,2026-07-07T20:33:57.357914,64
937133443ce3f23b,https://pg.linkedin.com/jobs/view/business-development-executive-at-a-d-training-4436223455,Business Development Executive,,scraped,2026-07-07T20:34:00.111892,
75c385a813f251ac,https://pg.linkedin.com/jobs/view/graduate-geotechnical-engineer-at-harmony-australasia-4434533320,Graduate Geotechnical Engineer,,scraped,2026-07-07T20:34:08.594596,
79491e2d80799af1,https://pg.linkedin.com/jobs/view/human-resources-and-admin-intern-at-iom-un-migration-4436307017,Human Resources and Admin Intern,IOM - UN Migration,posted,2026-07-07T20:34:39.948642,66
b83c87abb77c38eb,https://pg.linkedin.com/jobs/view/partnership-compliance-coordinator-at-world-vision-4436285260,Partnership & Compliance Coordinator,,scraped,2026-07-07T20:34:46.555063,
713da359af83c291,https://pg.linkedin.com/jobs/view/coordinator-mobile-maintenance-ug-at-k92-mining-inc-4433749946,Coordinator - Mobile Maintenance UG,,scraped,2026-07-07T20:35:01.223348,
718f21058606990f,https://pg.linkedin.com/jobs/view/porgera-officer-senior-surveillance-and-intelligence-at-barrick-mining-corporation-4435424224,"Porgera | Officer, Senior - Surveillance and Intelligence",,scraped,2026-07-07T20:35:09.410825,
a3f222b97a8e1c34,https://pg.linkedin.com/jobs/view/customer-sales-representative-at-coca-cola-europacific-partners-4432377478,Customer Sales Representative,Coca-Cola Europacific Partners,posted,2026-07-08T07:18:31.305217,78
5a4209faeedd7216,https://pg.linkedin.com/jobs/view/fleet-manager-at-coca-cola-europacific-partners-4436319958,Fleet Manager,Coca-Cola Europacific Partners,posted,2026-07-08T07:18:44.586361,80
41ec7674278748b5,https://pg.linkedin.com/jobs/view/area-sales-manager-at-coca-cola-europacific-partners-4437793052,Area Sales Manager,Coca-Cola Europacific Partners,posted,2026-07-08T07:18:59.609669,82
26a7969e93a04075,https://pg.linkedin.com/jobs/view/regional-sales-manager-at-coca-cola-europacific-partners-4423381233,Regional Sales Manager,Coca-Cola Europacific Partners,posted,2026-07-08T07:19:12.534687,84
f785f5d22daa93d2,https://pg.linkedin.com/jobs/view/site-hr-administration-officer-australian-mining-at-pt-talenta-eksekutif-asia-4435457430,Site HR & Administration Officer (Australian Mining),PT Talenta Eksekutif Asia,posted,2026-07-08T07:19:23.097945,86
a1ffe10bf22f2a6e,https://pg.linkedin.com/jobs/view/kitchen-staff-at-opaa%21-food-management-4435793990,Kitchen Staff,Opaa! Food Management,posted,2026-07-08T07:19:35.567700,88
1e50890d61c48435,https://pg.linkedin.com/jobs/view/graduate-engineer-program-at-exxonmobil-4436775113,Graduate Engineer Program,ExxonMobil,posted,2026-07-08T07:19:44.830972,90
dc4dd1f8b4c6eb9d,https://pg.linkedin.com/jobs/view/supervisor-admin-support-at-newmont-corporation-4436096862,Supervisor - Admin & Support,Newmont Corporation,posted,2026-07-08T07:19:53.090986,92
f1aff5c01485a545,https://pg.linkedin.com/jobs/view/electrical-team-leader-at-coca-cola-europacific-partners-4437794048,Electrical Team Leader,Coca-Cola Europacific Partners,posted,2026-07-08T07:20:06.741965,94
c81fc47d5bedc012,https://pg.linkedin.com/jobs/view/jammu-to-become-regional-hub-for-professional-development-lg-sinha-at-the-kashmir-monitor-4436276365,Jammu to become regional hub for professional development : LG Sinha,,scraped,2026-07-08T07:20:09.101400,
036395733893c127,https://pg.linkedin.com/jobs/view/higher-education-partnerships-coordinator-at-tetra-tech-4429954916,Higher Education Partnerships Coordinator,Tetra Tech,posted,2026-07-08T07:20:27.770051,96
5b00446793fee0dc,https://pg.linkedin.com/jobs/view/administration-logistics-coordinator-x2-at-world-vision-4437745725,Administration & Logistics Coordinator X2,,scraped,2026-07-08T07:20:40.103622,
7854025cb5f94cc4,https://pg.linkedin.com/jobs/view/fixed-plant-superintendent-at-st-barbara-limited-4434512068,Fixed Plant Superintendent,St Barbara Limited,posted,2026-07-08T07:21:23.559113,98
a3530e28907d35c0,https://pg.linkedin.com/jobs/view/grants-compliance-manager-at-world-vision-4436180900,Grants Compliance Manager,,scraped,2026-07-08T07:21:26.204896,
e235a3b737937b49,https://pg.linkedin.com/jobs/view/senior-business-banking-advisor-at-kina-bank-4437118704,Senior Business Banking Advisor,,scraped,2026-07-08T07:21:32.566164,
1d73ff4f536c97f7,https://pg.linkedin.com/jobs/view/technical-specialist-png-at-sandvik-4434803883,Technical Specialist - PNG,,scraped,2026-07-08T07:21:43.810558,
1e7020b397028161,https://pg.linkedin.com/jobs/view/unified-communication-engineer-mitel-at-ofc-tech-solutions-4436895470,Unified Communication Engineer - Mitel,,scraped,2026-07-08T07:21:50.937139,
71d555b553801379,https://pg.linkedin.com/jobs/view/field-security-officer-2-positions-buka-and-wewak-open-to-internal-and-external-applicants-at-international-civil-aviation-organization-4438150787,Field Security Officer (2 positions) (Buka and Wewak) [Open to internal and external applicants],,scraped,2026-07-08T07:22:05.202380,
7c4722a7ae21df65,https://pg.linkedin.com/jobs/view/supervisor-logistics-lae-at-barrick-mining-corporation-4376489925,"Supervisor - Logistics, Lae",,scraped,2026-07-08T07:22:11.358270,
7e9f88a800bd0631,https://pg.linkedin.com/jobs/view/chief-engineer-at-hilton-4426766860,Chief Engineer,Hilton,posted,2026-07-08T07:23:04.468018,100
76d499d3d038e2ad,https://pg.linkedin.com/jobs/view/senior-program-manager-coordination-convening-and-cohesion-pngwl-at-abt-global-australia-4414302232,"Senior Program Manager - Coordination, Convening and Cohesion | PNGWL",,scraped,2026-07-08T07:23:07.093067,
acb5ad7096e137e5,https://pg.linkedin.com/jobs/view/public-financial-management-advisor-bp-apsp-at-abt-global-australia-4436510256,Public Financial Management Advisor |BP-APSP,,scraped,2026-07-08T07:23:13.406114,
c80018312f21c139,https://pg.linkedin.com/jobs/view/grants-officer-bp-apsp-at-abt-global-australia-4434805725,Grants Officer|BP-APSP,,scraped,2026-07-08T13:19:41.573581,
de2ab4fea75eef57,https://pg.linkedin.com/jobs/view/advisor-local-procurement-at-newmont-corporation-4436899957,"Advisor, Local Procurement",Newmont Corporation,posted,2026-07-08T13:20:02.864165,102
06593d02d06b5166,https://pg.linkedin.com/jobs/view/operator-processing-services-at-k92-mining-inc-4433741101,Operator - Processing Services,,scraped,2026-07-08T13:20:17.587261,
6c278b1ec15f22be,https://pg.linkedin.com/jobs/view/supervisor-materials-control-at-newmont-corporation-4436523617,"Supervisor, Materials Control",Newmont Corporation,posted,2026-07-08T13:20:33.175535,104
c6a3680047a6cc26,https://pg.linkedin.com/jobs/view/wash-engineer-consultant-triple-s-program-papa-new-guinea-port-morsby-nationals-only-office-based%23594138-at-unicef-chad-4433160413,"WASH Engineer Consultant (Triple S Program) Papa New Guinea. Port Morsby. Nationals only, Office Based#594138",Unicef CHAD,posted,2026-07-08T13:20:45.850206,106
cfcd4818cacf68e5,https://pg.linkedin.com/jobs/view/area-programme-manager-at-world-vision-4435130132,Area Programme Manager,,scraped,2026-07-08T13:20:50.236360,
bf0f1fab5a9e2e78,https://pg.linkedin.com/jobs/view/production-solutions-engineer-digital-power-at-applus%2B-pacific-4436468991,Production Solutions Engineer (Digital Power),,scraped,2026-07-08T13:20:57.371597,
da06deca3fad947c,https://pg.linkedin.com/jobs/view/agi-operator-at-k92-mining-inc-4433906504,Agi Operator,,scraped,2026-07-08T13:21:11.244198,
3f3e6f6c0b38626c,https://pg.linkedin.com/jobs/view/chef-de-projet-song-h-f-at-expertise-france-4390008169,Chef de projet SoNG (H/F),,scraped,2026-07-08T13:21:18.889309,
3f642a0719ad0e0c,https://pg.linkedin.com/jobs/view/temporary-sso1-central-yorke-school-student-support-officer-2026-at-department-for-education-south-australia-4436154622,TEMPORARY SSO1 - CENTRAL YORKE SCHOOL - STUDENT SUPPORT OFFICER - 2026,"Department for Education, South Australia",posted,2026-07-08T13:21:52.040287,108
efdcc57f02218cf1,https://pg.linkedin.com/jobs/view/superintendent-ops-efficiency-at-k92-mining-inc-4433733298,Superintendent - Ops Efficiency,,scraped,2026-07-08T13:21:56.632538,
833cc1be60db9866,https://pg.linkedin.com/jobs/view/technician-processing-at-newmont-corporation-4437003708,"Technician, Processing",Newmont Corporation,posted,2026-07-08T18:57:24.588200,110
fe02d05fa21a34d9,https://pg.linkedin.com/jobs/view/maintenance-supervisor-mechanical-at-coca-cola-europacific-partners-4436727192,Maintenance Supervisor (Mechanical),Coca-Cola Europacific Partners,posted,2026-07-08T18:57:37.908372,112
69de1256dced9665,https://pg.linkedin.com/jobs/view/coordinator-mining-projects-at-k92-mining-inc-4433926230,Coordinator - Mining Projects,,scraped,2026-07-08T18:57:58.666589,
d7a236026d4620f9,https://pg.linkedin.com/jobs/view/loader-operator-at-k92-mining-inc-4434599143,Loader Operator,,scraped,2026-07-08T18:58:21.365020,
d26a90e0e71d22cb,https://pg.linkedin.com/jobs/view/mission-pilots-various-locations-at-maf-international-4437057316,Mission Pilots - Various locations,,scraped,2026-07-08T18:58:30.837645,
dcb5db7fd3edce88,https://pg.linkedin.com/jobs/view/director-social-performance-lihir-at-newmont-corporation-4436598540,"Director, Social Performance, Lihir",Newmont Corporation,posted,2026-07-08T18:58:53.521744,114
44f316cc1bca6fed,https://pg.linkedin.com/jobs/view/engineer-senior-geotechnical-community-land-access-agreements-at-barrick-mining-corporation-4428492007,"Engineer, Senior - Geotechnical - Community Land Access Agreements",,scraped,2026-07-08T18:58:57.977257,
e770c300f71fbc59,https://pg.linkedin.com/jobs/view/ndt-technician-ii-at-oceaneering-4436714679,NDT Technician II,Oceaneering,posted,2026-07-08T23:45:46.056696,116
69b5c4987811b68b,https://pg.linkedin.com/jobs/view/head-of-human-resources-at-easy-skill-4437393075,Head of Human Resources,,scraped,2026-07-09T11:25:44.366006,
9fb2bca0dbbd9fe7,https://pg.linkedin.com/jobs/view/site-engineer-at-smec-an-sj-group-company-4414926489,Site Engineer,SMEC (an SJ Group company),posted,2026-07-09T11:26:06.155900,118
7d6ade1fbf918267,https://pg.linkedin.com/jobs/view/motor-mechanic-at-orica-4437316675,Motor Mechanic,,scraped,2026-07-09T11:26:10.838128,
f6e6f688b2e50c57,https://pg.linkedin.com/jobs/view/aircraft-maintenance-manager-at-rishworth-aviation-4437364611,Aircraft Maintenance Manager,,scraped,2026-07-09T11:26:17.173541,
f842555288546979,https://pg.linkedin.com/jobs/view/technical-specialist-open-to-internal-and-external-applicants-at-international-civil-aviation-organization-4438152729,Technical Specialist [Open to internal and external applicants],International Civil Aviation Organization,posted,2026-07-09T11:26:32.739104,60
9235fd5e1ef2d139,https://pg.linkedin.com/jobs/view/technical-services-engineer-airframe-structures-at-pacific-aircrew-services-4438598928,Technical Services Engineer - Airframe Structures,,scraped,2026-07-09T11:26:37.358491,
e721380bee43b8d5,https://pg.linkedin.com/jobs/view/site-engineer-at-sj-group-4414943196,Site Engineer,SJ Group,posted,2026-07-09T11:26:49.416916,118
4a475a708b515c2c,https://pg.linkedin.com/jobs/view/senior-editor-at-digicel-pacific-4438131439,Senior Editor,,scraped,2026-07-09T11:27:10.018677,
f36b41d82dd39607,https://pg.linkedin.com/jobs/view/administrative-officer-papua-new-guinea-at-anyway-solutions-4437162618,Administrative Officer - Papua New Guinea,,scraped,2026-07-09T18:27:50.869958,
0449d9038558ba40,https://pg.linkedin.com/jobs/view/customer-service-manager-at-easy-skill-4437342010,Customer Service Manager,,scraped,2026-07-09T18:28:01.805749,
2ed4bfffa01e392d,https://pg.linkedin.com/jobs/view/associate-assurance-audit-at-ey-4387568963,Associate - Assurance - Audit,EY,posted,2026-07-09T18:28:26.052567,120
adeb7bb00861f690,https://pg.linkedin.com/jobs/view/salesforce-system-solution-architect-at-siemens-healthineers-4437095122,Salesforce System/Solution Architect,,scraped,2026-07-09T18:28:28.534488,
b781acc6e2969cd0,https://pg.linkedin.com/jobs/view/manager-technical-records-planning-at-pacific-aircrew-services-4438606662,Manager Technical Records & Planning,,scraped,2026-07-09T18:28:37.710340,
787b1e4eab0a6000,https://pg.linkedin.com/jobs/view/group-supply-chain-distribution-centre-development-manager-at-global-talent-search-4434911497,Group Supply Chain & Distribution Centre Development Manager,,scraped,2026-07-09T18:28:54.259270,
568cc624799ead00,https://pg.linkedin.com/jobs/view/procurement-officer-at-kina-bank-4438847302,Procurement Officer,,scraped,2026-07-09T23:54:31.429761,
39cedae2bc31cec8,https://pg.linkedin.com/jobs/view/head-of-maintenance-at-food-pro-png-ltd-4437359014,Head of Maintenance,,scraped,2026-07-09T23:54:45.249066,
9029c8747eaa094f,https://pg.linkedin.com/jobs/view/hsseq-administrator-4437335203,Hsseq Administrator,P&O Maritime Services Ltd,posted,2026-07-09T23:55:03.662663,122
09a225b7171ff855,https://pg.linkedin.com/jobs/view/national-fleet-manager-at-global-talent-search-4432313980,National Fleet Manager,,scraped,2026-07-09T23:55:20.127075,
740d78bfc8632f4b,https://pg.linkedin.com/jobs/view/hse-compliance-manager-at-global-talent-search-4422230037,HSE Compliance Manager,,scraped,2026-07-09T23:55:26.077148,
7315233ed39706d3,https://pg.linkedin.com/jobs/view/investment-specialist-ipsa-11-port-moresby-papua-new-guinea-open-to-internal-and-external-applicants-at-undp-careers-4438810677,"Investment Specialist, IPSA 11, Port Moresby, Papua New Guinea [Open to internal and external applicants]",UNDP Careers,posted,2026-07-09T23:55:46.460031,124
11017e5a1f0dd234,https://pg.linkedin.com/jobs/view/legal-counsel-litigation-at-digicel-pacific-4438558927,Legal Counsel-Litigation,,scraped,2026-07-09T23:55:55.084393,
2a55989ec6947a0a,https://pg.linkedin.com/jobs/view/promotions-producer-at-digicel-pacific-4438136152,Promotions Producer,,scraped,2026-07-09T23:56:01.370688,
c5361fd6c7636242,https://pg.linkedin.com/jobs/view/consultant-digital-health-advisor-at-palladium-make-it-possible-4438848195,"Consultant, Digital Health Advisor",Palladium: Make It Possible,posted,2026-07-09T23:56:15.034378,126
d93891e3b3634367,https://pg.linkedin.com/jobs/view/investment-specialist-ipsa-11-port-moresby-papua-new-guinea-open-to-internal-and-external-applicants-at-international-civil-aviation-organization-4438696654,"Investment Specialist, IPSA 11, Port Moresby, Papua New Guinea [Open to internal and external applicants]",International Civil Aviation Organization,posted,2026-07-09T23:56:27.263548,128
d679a79dbeb458f9,https://pg.linkedin.com/jobs/view/leader-band-b-3-central-yorke-school-assistant-principal-secondary-pathways-at-department-for-education-south-australia-4430134127,LEADER BAND B-3 - CENTRAL YORKE SCHOOL - ASSISTANT PRINCIPAL (SECONDARY & PATHWAYS),"Department for Education, South Australia",posted,2026-07-09T23:57:10.022156,130
33761e9612ec67bc,https://pg.linkedin.com/jobs/view/scheduler-at-digicel-pacific-4438880099,Scheduler,,scraped,2026-07-10T11:24:07.470039,
d8377df6cd38012b,https://pg.linkedin.com/jobs/view/road-safety-coordinator-at-digicel-pacific-4438876365,Road Safety Coordinator,,scraped,2026-07-10T11:24:15.850471,
c199d690d73308fc,https://pg.linkedin.com/jobs/view/community-liaison-officer-at-harmony-australasia-4435985084,Community Liaison Officer,,scraped,2026-07-10T11:24:23.906537,
92653bce4a0eab4b,https://pg.linkedin.com/jobs/view/kitchen-team-member-at-dome-cafe-group-4437964400,Kitchen Team Member,,scraped,2026-07-10T11:24:34.909773,
01dbbcf2b1dc9ab4,https://pg.linkedin.com/jobs/view/autonomous-flight-safety-system-afss-for-hypersonic-weapon-systems-at-the-strategic-spectrum-missions-advanced-resilient-trusted-systems-s%C2%B2marts-ota-4437986167,Autonomous Flight Safety System (AFSS) for Hypersonic Weapon Systems,,scraped,2026-07-10T11:24:44.133892,
66771782c0c4e907,https://pg.linkedin.com/jobs/view/driver-at-world-vision-4439005664,Driver,,scraped,2026-07-10T11:25:00.287207,
2b113e36e7af5ba4,https://pg.linkedin.com/jobs/view/grants-coordinator-stongim-wok-long-tvet-at-palladium-make-it-possible-4438897175,Grants Coordinator - Stongim Wok Long TVET,Palladium: Make It Possible,posted,2026-07-10T11:25:15.517383,132
0a6a3379bbe7c63f,https://pg.linkedin.com/jobs/view/monitoring-and-evaluation-specialist-4437939020,Monitoring And Evaluation Specialist,The Leprosy Mission-PNG,posted,2026-07-10T11:25:22.953990,134
82c2ae91b36c18a5,https://pg.linkedin.com/jobs/view/grants-lead-%E2%80%93-strongim-wok-long-tvet-at-palladium-make-it-possible-4438896197,Grants Lead – Strongim Wok Long TVET,Palladium: Make It Possible,posted,2026-07-10T11:25:35.920376,136
10e511ebefa5d82e,https://pg.linkedin.com/jobs/view/supply-distribution-manager-at-food-pro-png-ltd-4437949501,Supply & Distribution Manager,,scraped,2026-07-10T11:25:42.589988,
3baddb7861f84412,https://pg.linkedin.com/jobs/view/budget-finance-manager-at-dt-global-4437967857,Budget & Finance Manager,DT Global,posted,2026-07-10T11:26:01.938274,138
4e7dbd05d5c098f8,https://pg.linkedin.com/jobs/view/call-for-members-carnegie-quilters-at-prairie-arts-council-4435965110,Call For Members: Carnegie Quilters,Prairie Arts Council,posted,2026-07-10T11:26:16.251414,140
4c22e9b89337dd62,https://pg.linkedin.com/jobs/view/financial-controller-at-easy-skill-4437960468,Financial Controller,,scraped,2026-07-10T11:26:18.937159,
e15491f221d9ef31,https://pg.linkedin.com/jobs/view/gender-development-officer-at-harmony-australasia-4435968577,Gender Development Officer,,scraped,2026-07-10T11:26:35.770498,
355cd9ed430eaacd,https://pg.linkedin.com/jobs/view/fpa-analyst-at-digicel-pacific-4438858544,FPA Analyst,,scraped,2026-07-10T11:26:51.200355,
3184bb3ea60ff45e,https://pg.linkedin.com/jobs/view/gedsi-lead-%E2%80%93-strongim-wok-long-tvet-at-palladium-make-it-possible-4439028941,GEDSI Lead – Strongim Wok Long TVET,Palladium: Make It Possible,posted,2026-07-10T11:27:19.370311,142
440d67615d8b5584,https://pg.linkedin.com/jobs/view/senior-scholarship-coordinator-x2-%E2%80%93-strongim-wok-long-tvet-at-palladium-make-it-possible-4439036753,Senior Scholarship Coordinator (x2) – Strongim Wok Long TVET,Palladium: Make It Possible,posted,2026-07-10T11:27:31.157256,144
892c484572754276,https://pg.linkedin.com/jobs/view/accounts-payable-officer-at-hevilift-4435955348,Accounts Payable Officer,HEVILIFT,posted,2026-07-10T18:10:03.896672,146
5175a06acc68f7c2,https://pg.linkedin.com/jobs/view/r-d-technologist-%E2%80%93-snacks-beverages-at-paradise-company-ltd-4439077512,R&D Technologist – Snacks & Beverages,,scraped,2026-07-10T18:10:08.524155,
0a8b335043b5343c,https://pg.linkedin.com/jobs/view/chocolate-production-manager-at-paradise-company-ltd-4439091115,Chocolate Production Manager,,scraped,2026-07-10T18:10:19.187161,
bd52b2915e59791e,https://pg.linkedin.com/jobs/view/communications-specialist-partnerships-for-improving-education-at-abt-global-australia-4435957037,Communications Specialist | Partnerships for Improving Education,,scraped,2026-07-10T18:10:25.491244,
a31912f5c2fde316,https://pg.linkedin.com/jobs/view/kontakta-oss-at-fastighets%C3%A4garna-mittnord-ab-4436238315,Kontakta oss,,scraped,2026-07-10T18:10:32.296913,
1787b4049f66ba2d,https://pg.linkedin.com/jobs/view/procurement-manager-at-dt-global-4429645144,Procurement Manager,DT Global,posted,2026-07-10T18:10:47.577449,148
3c864e2742009ed9,https://pg.linkedin.com/jobs/view/diamond-drilling-supervisor-mining-natural-resources-at-pt-talenta-eksekutif-asia-4438302815,Diamond Drilling Supervisor (Mining & Natural Resources),PT Talenta Eksekutif Asia,posted,2026-07-10T18:11:12.061036,150
de7b364ead642a72,https://pg.linkedin.com/jobs/view/trade-marketing-manager-at-paradise-company-ltd-4439071866,Trade Marketing Manager,,scraped,2026-07-10T18:11:14.694232,
9d2ba9dff796e3bb,https://pg.linkedin.com/jobs/view/trade-marketing-representative-%E2%80%93-wewak-at-paradise-company-ltd-4439077532,Trade Marketing Representative – Wewak,,scraped,2026-07-10T18:11:24.982982,
21747def31dd6498,https://pg.linkedin.com/jobs/view/area-sales-manager-mt-hagen-at-paradise-company-ltd-4439082435,Area Sales Manager (Mt Hagen),,scraped,2026-07-10T18:11:31.383803,
b5d05938dd88aa3b,https://pg.linkedin.com/jobs/view/diamond-drilling-supervisor-mining-natural-resources-at-pt-talenta-eksekutif-asia-4438306688,Diamond Drilling Supervisor (Mining & Natural Resources),PT Talenta Eksekutif Asia,posted,2026-07-10T18:11:42.267940,150
9fd5c4ff5fbb8899,https://pg.linkedin.com/jobs/view/diamond-drilling-supervisor-mining-natural-resources-at-pt-talenta-eksekutif-asia-4438323260,Diamond Drilling Supervisor (Mining & Natural Resources),PT Talenta Eksekutif Asia,posted,2026-07-10T18:11:55.474922,150
d3ed3eafe0ac8ffb,https://pg.linkedin.com/jobs/view/technician-core-shed-at-newmont-corporation-4437974379,Technician Core Shed,Newmont Corporation,posted,2026-07-10T18:12:18.654111,152
838c8439b861897d,https://pg.linkedin.com/jobs/view/elektriker-elektroniker-m-w-d-at-leipziger-verkehrsbetriebe-4439099108,Elektriker/Elektroniker (m/w/d),,scraped,2026-07-10T18:12:21.195756,
37ec23cf796d74cb,https://pg.linkedin.com/jobs/view/scholarship-coordinator-x2-%E2%80%93-strongim-wok-long-tvet-at-palladium-make-it-possible-4439041517,Scholarship Coordinator (x2) – Strongim Wok Long TVET,Palladium: Make It Possible,posted,2026-07-10T18:12:39.184505,154
323e591fdf36a474,https://pg.linkedin.com/jobs/view/projektleiter-in-tiefbau-70-100%25-at-schutz-intervention-winterthur-4437984586,Projektleiter:in Tiefbau (70 - 100%),Schutz & Intervention Winterthur,posted,2026-07-10T18:13:39.286648,156
10636c08f941cb8d,https://pg.linkedin.com/jobs/view/deputy-team-leader-kokoda-initiative-partnership-apsp-at-abt-global-australia-4435945244,"Deputy Team Leader, Kokoda Initiative Partnership | APSP",,scraped,2026-07-10T18:13:43.945880,
81b598e38c82352b,https://pg.linkedin.com/jobs/view/senior-electrical-engineer-at-port-moresby-electrical-pme-4437975389,Senior Electrical Engineer,,scraped,2026-07-10T23:33:33.111996,
d9deb03a8d4f9661,https://pg.linkedin.com/jobs/view/process-technicians-at-paradise-company-ltd-4439082447,Process Technicians,,scraped,2026-07-10T23:33:41.468728,
661447ed8e2776b4,https://pg.linkedin.com/jobs/view/artists-wanted-demotte-library-art-display-at-prairie-arts-council-4435953708,Artists Wanted: DeMotte Library Art Display,Prairie Arts Council,posted,2026-07-10T23:33:57.418816,158
5cc7fd7135d8d336,https://pg.linkedin.com/jobs/view/sui-southern-gas-company-limited-jobs-2026-ssgc-apply-online-at-vulearning-jobs-4439332056,Sui Southern Gas Company Limited Jobs 2026: SSGC Apply Online,VULEARNING Jobs,posted,2026-07-10T23:34:31.201534,160
af943164750a9437,https://pg.linkedin.com/jobs/view/autonomous-flight-safety-system-afss-for-hypersonic-weapon-systems-at-the-strategic-spectrum-missions-advanced-resilient-trusted-systems-s%C2%B2marts-ota-4438375100,Autonomous Flight Safety System (AFSS) for Hypersonic Weapon Systems,,scraped,2026-07-10T23:34:43.499883,
164ea85becc3f2b9,https://pg.linkedin.com/jobs/view/senior-communication-associate-g-7-fixed-term-position-port-moresby-papua-new-guinea-%2300126773-at-unicef-chad-4436610733,"Senior Communication Associate, G-7, Fixed Term Position, Port Moresby, Papua New Guinea, #00126773",Unicef CHAD,posted,2026-07-10T23:35:06.226149,162
6c2a1afb7cba335f,https://pg.linkedin.com/jobs/view/conductor-a-cami%C3%B3n-adr-at-alsa-4435997544,Conductor/a Camión ADR,,scraped,2026-07-10T23:35:12.539244,
3e6cbff69b5427bc,https://pg.linkedin.com/jobs/view/personal-de-taller-oficial-de-3%C2%AA-at-alsa-4435987886,Personal de taller (oficial de 3ª),,scraped,2026-07-10T23:35:20.331620,
c49290fe5c559b68,https://pg.linkedin.com/jobs/view/free-watercolor-workshop-at-prairie-arts-council-4435944927,Free Watercolor Workshop,Prairie Arts Council,posted,2026-07-10T23:35:51.610098,164
18cb2ca188b4ab23,https://pg.linkedin.com/jobs/view/senior-monitoring-evaluation-research-learning-manager-%E2%80%93-strongim-wok-long-tvet-at-palladium-make-it-possible-4438885612,"Senior Monitoring, Evaluation, Research & Learning Manager – Strongim Wok Long TVET",Palladium: Make It Possible,posted,2026-07-10T23:36:17.458008,166
be0ae43813eb15ce,https://pg.linkedin.com/jobs/view/supervisor-registered-mine-electrician-at-newmont-corporation-4437560012,"Supervisor, Registered Mine Electrician",Newmont Corporation,posted,2026-07-10T23:36:42.616286,168
720d291e4e757657,https://pg.linkedin.com/jobs/view/fachbereichsleitung-tiefbau-%E2%80%93-abteilung-projektierung-und-realisierung-80-%E2%80%93-100%25-at-schutz-intervention-winterthur-4437985586,Fachbereichsleitung Tiefbau – Abteilung Projektierung und Realisierung (80 – 100%),Schutz & Intervention Winterthur,posted,2026-07-10T23:37:27.571890,170
e1d00d7b8d4d78a6,https://pg.linkedin.com/jobs/view/several-job-vacancies-hebou-construction-png-limited-at-png-facts-4439387877,Several Job Vacancies Hebou Construction (PNG) Limited,,scraped,2026-07-11T07:23:15.111906,
6bbc6c3599037e09,https://pg.linkedin.com/jobs/view/trade-marketing-executive-at-paradise-company-ltd-4439072673,Trade Marketing Executive,,scraped,2026-07-11T07:24:35.362283,
38b61447287ab60f,https://pg.linkedin.com/jobs/view/trade-marketing-representative-at-paradise-company-ltd-4439088216,Trade Marketing Representative,,scraped,2026-07-11T07:24:41.885853,
bb4e56d3b9939773,https://pg.linkedin.com/jobs/view/trade-marketing-representative-at-paradise-company-ltd-4439091098,Trade Marketing Representative,,scraped,2026-07-11T07:24:56.108665,
1bb75af1ea8ada7e,https://pg.linkedin.com/jobs/view/learning-development-manager-at-paradise-company-ltd-4439092077,Learning & Development Manager,,scraped,2026-07-11T11:34:11.855178,
2ed174b7826a12ef,https://pg.linkedin.com/jobs/view/kitchen-staff-substitute-at-opaa%21-food-management-4437902770,Kitchen Staff Substitute,Opaa! Food Management,posted,2026-07-11T11:34:37.543371,172
b7242d3b86675636,https://pg.linkedin.com/jobs/view/call-for-teachers-arts-all-the-time-at-prairie-arts-council-4435957714,Call For Teachers: Arts All The Time,Prairie Arts Council,posted,2026-07-11T11:34:52.732537,174
77f14b71a0b7bfe7,https://pg.linkedin.com/jobs/view/senior-project-sales-executive%0A-1-at-isi-steel-4436660564,"Senior Project Sales Executive
            ( 1 )",,scraped,2026-07-11T11:34:55.210788,
c591ef12b73d2dab,https://pg.linkedin.com/jobs/view/investment-specialist-ipsa-11-port-moresby-papua-new-guinea-open-to-internal-and-external-applicants-at-undp-papua-new-guinea-4436604565,"Investment Specialist, IPSA 11, Port Moresby, Papua New Guinea [Open to internal and external applicants]",UNDP Papua New Guinea,posted,2026-07-11T11:35:21.282921,176
17901a305c1b7c4c,https://pg.linkedin.com/jobs/view/artists-wanted-ayda-s-makers-market-at-prairie-arts-council-4436660770,Artists Wanted: Ayda'S Makers Market,Prairie Arts Council,posted,2026-07-11T11:35:53.349215,178
dc1081b97b796484,https://pg.linkedin.com/jobs/view/commercial-investment-analyst-at-paradise-company-ltd-4439070859,Commercial Investment Analyst,,scraped,2026-07-11T11:36:07.922382,
a4e0697b7dd5e368,https://pg.linkedin.com/jobs/view/medical-imaging-technologist-at-world-vision-4437938856,Medical Imaging Technologist,,scraped,2026-07-11T11:36:17.956964,
3dd311a4a5b721ce,https://pg.linkedin.com/jobs/view/field-security-officer-2-positions-buka-and-wewak-open-to-internal-and-external-applicants-at-undp-papua-new-guinea-4436600614,Field Security Officer (2 positions) (Buka and Wewak) [Open to internal and external applicants],UNDP Papua New Guinea,posted,2026-07-11T15:38:28.042786,180
bda7e4de7429ccc1,https://pg.linkedin.com/jobs/view/merchandiser-at-paradise-company-ltd-4439086316,Merchandiser,,scraped,2026-07-11T15:38:32.609256,
96b0eec394defd92,https://pg.linkedin.com/jobs/view/dispatch-operator-at-st-barbara-limited-4436667661,Dispatch Operator,St Barbara Limited,posted,2026-07-11T15:38:52.731262,182
e5889a7ff3e287d5,https://pg.linkedin.com/jobs/view/trade-systems-specialist-at-paradise-company-ltd-4439092058,Trade Systems Specialist,,scraped,2026-07-11T15:38:57.385147,
dd16688b3d882a80,https://pg.linkedin.com/jobs/view/business-management-and-information-technology-at-innovative-university-of-enga-4438938142,"Business, management and Information Technology",,scraped,2026-07-11T15:39:23.766273,
198b7bebca415148,https://pg.linkedin.com/jobs/view/prodejce-a-mechanik-kol-elektrokol-a-p%C5%99%C3%ADslu%C5%A1enstv%C3%AD-m-%C5%BE-at-mojekolo-4438923501,"Prodejce a mechanik kol, elektrokol a příslušenství (M/Ž)",,scraped,2026-07-11T15:39:55.139707,
b60c975ebfeb0bc9,https://pg.linkedin.com/jobs/view/trade-marketing-representative-at-paradise-company-ltd-4439086317,Trade Marketing Representative,,scraped,2026-07-11T15:40:20.340444,
01a652a39516ebb2,https://pg.linkedin.com/jobs/view/trade-marketing-representative-at-paradise-company-ltd-4439080501,Trade Marketing Representative,,scraped,2026-07-11T15:40:26.590504,
040e1c75d234b5f2,https://pg.linkedin.com/jobs/view/leiter-in-bauinspektorat-at-schutz-intervention-winterthur-4437996311,Leiter:in Bauinspektorat,Schutz & Intervention Winterthur,posted,2026-07-11T15:41:36.124201,184
e4f747324a60163c,https://pg.linkedin.com/jobs/view/dewatering-technician-at-st-barbara-limited-4436675501,Dewatering Technician,St Barbara Limited,posted,2026-07-11T15:41:51.593967,186
4adaa19e8f5f63b8,https://pg.linkedin.com/jobs/view/project-engineer-at-puma-energy-4429685467,Project Engineer,,scraped,2026-07-11T18:40:51.229842,
aff20af87b604efa,https://pg.linkedin.com/jobs/view/projektentwickler-in-m-w-d-at-centre-for-health-and-society-4439512923,Projektentwickler*in (m/w/d),,scraped,2026-07-11T18:41:57.774103,
8168b44872b683d4,https://pg.linkedin.com/jobs/view/commercial-operational-excellence-specialist-at-puma-energy-4429036470,Commercial Operational Excellence Specialist,,scraped,2026-07-11T18:42:15.044662,
1ad1baf1487b1acc,https://pg.linkedin.com/jobs/view/quality-control-online-technician-at-paradise-company-ltd-4439071876,Quality Control Online Technician,,scraped,2026-07-11T22:33:29.948814,
2f756292fe9c897f,https://pg.linkedin.com/jobs/view/merchandiser-at-paradise-company-ltd-4439076561,Merchandiser,,scraped,2026-07-11T22:33:46.442836,
5c81ed2a4a67de1e,https://pg.linkedin.com/jobs/view/country-director-at-duco-consultancy-4438958633,Country Director,,scraped,2026-07-12T07:51:26.337390,
66b255d866c85067,https://pg.linkedin.com/jobs/view/industrial-trainee-4438973037,Industrial Trainee,Mauberema Ecotourism Nature Conservation Education Research and Training Center ( MENCERTC),posted,2026-07-12T07:52:41.569991,188
366a4b042e6f0246,https://pg.linkedin.com/jobs/view/technician-auto-electrical-automation-at-k92-mining-inc-4436673987,Technician - Auto Electrical (Automation),,scraped,2026-07-12T07:53:00.157759,
dab58848e6ae8a3b,https://pg.linkedin.com/jobs/view/commercial-manager-mining-marine-at-puma-energy-4438307989,Commercial Manager - Mining & Marine,,scraped,2026-07-12T11:46:23.433897,
2068cf0781698425,https://pg.linkedin.com/jobs/view/technical-specialist-open-to-internal-and-external-applicants-at-undp-papua-new-guinea-4436606573,Technical Specialist [Open to internal and external applicants],UNDP Papua New Guinea,posted,2026-07-12T11:46:54.137914,60
a93451f36d1d4dca,https://pg.linkedin.com/jobs/view/kitchen-team-member-at-dome-cafe-group-4438953635,Kitchen Team Member,,scraped,2026-07-12T15:40:00.426223,
226af9e84de5b64f,https://pg.linkedin.com/jobs/view/experienced-mission-pilot-bougainville-at-maf-international-4438982742,Experienced Mission Pilot - Bougainville,,scraped,2026-07-12T15:40:11.665702,
0c15abe0f8e3ba16,https://pg.linkedin.com/jobs/view/dewatering-specialist-at-st-barbara-limited-4436662763,Dewatering Specialist,St Barbara Limited,posted,2026-07-12T15:41:31.014398,190
4c4562fb9bde4990,https://pg.linkedin.com/jobs/view/mine-operations-trainer-at-st-barbara-limited-4436662765,Mine Operations Trainer,St Barbara Limited,posted,2026-07-12T15:41:44.537401,192
06a44c3faa83846a,https://pg.linkedin.com/jobs/view/customer-service-manager-at-the-heineken-company-4438993624,Customer Service Manager,The HEINEKEN Company,posted,2026-07-12T19:58:48.357827,194
28d7283e90c4463c,https://pg.linkedin.com/jobs/view/utitlities-technician-at-the-heineken-company-4438998463,Utitlities Technician,The HEINEKEN Company,posted,2026-07-12T19:59:33.596662,196
afd853d58b03d8d0,https://pg.linkedin.com/jobs/view/autonomous-flight-safety-system-afss-for-hypersonic-weapon-systems-at-the-strategic-spectrum-missions-advanced-resilient-trusted-systems-s%C2%B2marts-ota-4438970687,Autonomous Flight Safety System (AFSS) for Hypersonic Weapon Systems,,scraped,2026-07-12T19:59:45.975984,
774a8b676473b994,https://pg.linkedin.com/jobs/view/salesforce-system-solution-architect-at-siemens-healthineers-4438975911,Salesforce System/Solution Architect,,scraped,2026-07-12T22:36:09.178247,
27232adba24f85b8,https://pg.linkedin.com/jobs/view/merchandiser-at-paradise-company-ltd-4439087253,Merchandiser,,scraped,2026-07-13T11:44:12.627786,
af6a2f4a80810bee,https://pg.linkedin.com/jobs/view/merchandiser-at-paradise-company-ltd-4439091096,Merchandiser,,scraped,2026-07-13T11:44:21.140762,
b0f93efaa7ac5017,https://pg.linkedin.com/jobs/view/diamond-driller-mining-natural-resources-at-pt-talenta-eksekutif-asia-4438308595,Diamond Driller (Mining & Natural Resources),PT Talenta Eksekutif Asia,posted,2026-07-13T11:44:40.079012,198
bc403df67d721c9f,https://pg.linkedin.com/jobs/view/diamond-driller-mining-natural-resources-at-pt-talenta-eksekutif-asia-4438304716,Diamond Driller (Mining & Natural Resources),PT Talenta Eksekutif Asia,posted,2026-07-13T11:44:45.236225,198
bd2db70f4396678b,https://pg.linkedin.com/jobs/view/diamond-driller-mining-natural-resources-at-pt-talenta-eksekutif-asia-4438325033,Diamond Driller (Mining & Natural Resources),PT Talenta Eksekutif Asia,posted,2026-07-13T11:44:50.593851,198
557f891e4ade4a6a,https://pg.linkedin.com/jobs/view/lawyer-%E2%80%93-litigation-at-jaku-lawyers-4437236269,Lawyer – Litigation,Jaku Lawyers,posted,2026-07-13T11:45:11.137503,200
6457203d69ed1d93,https://pg.linkedin.com/jobs/view/autonomous-flight-safety-system-afss-for-hypersonic-weapon-systems-at-the-strategic-spectrum-missions-advanced-resilient-trusted-systems-s%C2%B2marts-ota-4439145895,Autonomous Flight Safety System (AFSS) for Hypersonic Weapon Systems,,scraped,2026-07-13T11:45:15.616090,
f7ba26ada7f2cd99,https://pg.linkedin.com/jobs/view/international-affiliate-papua-new-guinea-at-lyra-health-4439122836,International Affiliate - Papua New Guinea,Lyra Health,posted,2026-07-13T11:45:36.637667,202
7b8d4f74be4dcc59,https://pg.linkedin.com/jobs/view/finance-executive-at-digicel-pacific-4439793067,Finance Executive,,scraped,2026-07-13T11:45:55.035325,
e466147164ba2176,https://pg.linkedin.com/jobs/view/finance-executive-at-digicel-pacific-4439776866,Finance Executive,,scraped,2026-07-13T11:46:01.059634,
3b99707ae86ad88c,https://pg.linkedin.com/jobs/view/pastor-at-city-mission-png-4439165266,Pastor,City Mission PNG,posted,2026-07-13T18:21:08.178797,204
48b7a4a1e547a649,https://pg.linkedin.com/jobs/view/administration-and-accounts-officer-at-city-mission-png-4439411204,Administration and Accounts Officer,City Mission PNG,posted,2026-07-13T18:21:27.994088,206
dffa024838a8216e,https://pg.linkedin.com/jobs/view/admin-officer-at-jaku-lawyers-4437238197,Admin Officer,Jaku Lawyers,posted,2026-07-13T18:21:41.079072,208
dfe33858491f534b,https://pg.linkedin.com/jobs/view/%E6%96%B0%E5%8D%92%E6%8E%A1%E7%94%A8%E6%83%85%E5%A0%B1-at-p-e-directions-inc-4440053007,新卒採用情報,"P&E Directions, Inc.",failed|wp_post_failed,2026-07-13T18:21:52.968704,
8c6d1b88967f6f57,https://pg.linkedin.com/jobs/view/community-affairs-manager-mining-natural-resources-at-pt-talenta-eksekutif-asia-4439416462,Community Affairs Manager (Mining & Natural Resources),PT Talenta Eksekutif Asia,posted,2026-07-13T18:21:57.698847,30
ff78a1838d02a1b1,https://pg.linkedin.com/jobs/view/head-of-site-infrastructure-services-mining-natural-resources-at-pt-talenta-eksekutif-asia-4439413533,Head of Site Infrastructure & Services (Mining & Natural Resources),PT Talenta Eksekutif Asia,posted,2026-07-13T18:22:08.789613,210
7acf51cb600e82db,https://pg.linkedin.com/jobs/view/head-of-site-infrastructure-services-mining-natural-resources-at-pt-talenta-eksekutif-asia-4439410709,Head of Site Infrastructure & Services (Mining & Natural Resources),PT Talenta Eksekutif Asia,posted,2026-07-13T18:22:17.535118,210
e0793afc7c19bee0,https://pg.linkedin.com/jobs/view/head-of-site-infrastructure-services-mining-natural-resources-at-pt-talenta-eksekutif-asia-4439405761,Head of Site Infrastructure & Services (Mining & Natural Resources),PT Talenta Eksekutif Asia,posted,2026-07-13T18:22:22.069013,210
160f2e7871b7ed1b,https://pg.linkedin.com/jobs/view/merchandiser-at-paradise-company-ltd-4439078532,Merchandiser,,scraped,2026-07-13T18:23:06.649139,
49259216924971f5,https://pg.linkedin.com/jobs/view/admin-support-smart-home-at-v-beyond-developments-public-company-limited-4439115858,Admin Support Smart Home,,scraped,2026-07-13T23:19:38.842071,
20b9c0c9e1962a56,https://pg.linkedin.com/jobs/view/partnerships-specialist-at-digmarit-ltd-4440099189,Partnerships Specialist,,scraped,2026-07-13T23:19:59.036324,
bb5f84a85f3f6912,https://pg.linkedin.com/jobs/view/advisor-business-development-at-barrick-mining-corporation-4430352999,Advisor - Business Development,,scraped,2026-07-13T23:20:53.513886,
495b6436174f4435,https://pg.linkedin.com/jobs/view/company-driver-at-tribe-agency-4439477483,Company Driver,,scraped,2026-07-14T07:25:14.243946,
ed96aa1a96375418,https://pg.linkedin.com/jobs/view/procurement-coordinators-at-techs-to-suit-inc-4437646881,Procurement Coordinators,,scraped,2026-07-14T07:25:58.148268,
ef1e72114a5e7d4e,https://pg.linkedin.com/jobs/view/autonomous-flight-safety-system-afss-for-hypersonic-weapon-systems-at-the-strategic-spectrum-missions-advanced-resilient-trusted-systems-s%C2%B2marts-ota-4439464597,Autonomous Flight Safety System (AFSS) for Hypersonic Weapon Systems,,scraped,2026-07-14T07:26:08.406798,
bd2a4d5ac8dda06b,https://pg.linkedin.com/jobs/view/prodejce-a-mechanik-kol-elektrokol-a-p%C5%99%C3%ADslu%C5%A1enstv%C3%AD-m-%C5%BE-at-mojekolo-4439464708,"Prodejce a mechanik kol, elektrokol a příslušenství (M/Ž)",,scraped,2026-07-14T07:26:20.439052,
70cc76d3557f3b63,https://pg.linkedin.com/jobs/view/international-finance-manager-kiribati-solomon-islands-indo-pacific-at-the-halo-trust-4440043055,International Finance Manager - Kiribati & Solomon Islands / Indo-Pacific,,scraped,2026-07-14T07:26:31.732544,
af6f02c6c17f14bf,https://pg.linkedin.com/jobs/view/network-cybersecurity-analyst-l2-ref-x0t1le-at-capgemini-4440009627,Network Cybersecurity Analyst L2 (REF: X0T1LE),,scraped,2026-07-14T07:26:45.541044,
c7c89e2641bd3669,https://pg.linkedin.com/jobs/view/advisor-people-training-safety-at-newmont-corporation-4439827384,"Advisor People, Training (Safety)",Newmont Corporation,failed|wp_post_failed,2026-07-14T07:27:02.889516,
9a24744490ffb151,https://pg.linkedin.com/jobs/view/general-manager-4439811214,General Manager,Technical Recruitment Solutions,failed|wp_post_failed,2026-07-14T07:27:25.686578,
abb305333259b743,https://pg.linkedin.com/jobs/view/technical-advisor-social-inclusion-at-world-vision-4440370577,Technical Advisor - Social Inclusion,,scraped,2026-07-14T07:27:28.317689,
e7cb7afea092bc77,https://pg.linkedin.com/jobs/view/customer-sales-representative-at-coca-cola-europacific-partners-4440556011,Customer Sales Representative,Coca-Cola Europacific Partners,failed|wp_post_failed,2026-07-14T12:23:41.777725,
33ffea6dbd2a2dfe,https://pg.linkedin.com/jobs/view/senior-project-engineer-at-nacap-pty-ltd-4439823790,Senior Project Engineer,,scraped,2026-07-14T12:23:54.339051,
f960318a84062bf1,https://pg.linkedin.com/jobs/view/project-manager-at-niugini-builders-4439815248,Project Manager,NIUGINI BUILDERS,failed|wp_post_failed,2026-07-14T12:24:10.401990,
d743f997f5c9f1bf,https://pg.linkedin.com/jobs/view/applications-engineer-at-bradken-4439811497,Applications Engineer,Bradken,failed|wp_post_failed,2026-07-14T12:24:46.864023,
1e4f774b9c36937a,https://pg.linkedin.com/jobs/view/community-affairs-manager-mining-natural-resources-at-pt-talenta-eksekutif-asia-4439423252,Community Affairs Manager (Mining & Natural Resources),PT Talenta Eksekutif Asia,failed|wp_post_failed,2026-07-14T12:25:03.330633,
75796d3f9329e6a3,https://pg.linkedin.com/jobs/view/enrolled-nurse-mental-health-inpatient-kenmore-hospital-goulburn-at-southern-nsw-local-health-district-4440534448,"Enrolled Nurse - Mental Health Inpatient, Kenmore Hospital - Goulburn",,scraped,2026-07-14T12:25:21.726244,
f1d3ad29b21b5c28,https://pg.linkedin.com/jobs/view/senior-program-manager-infrastructure-at-dt-global-4439826752,"Senior Program Manager, Infrastructure",DT Global,failed|wp_post_failed,2026-07-14T12:25:53.770353,
901bd09d1d672fdb,https://pg.linkedin.com/jobs/view/clinical-nurse-specialist-grade-2-mental-health-inpatient-kenmore-hospital-goulburn-at-southern-nsw-local-health-district-4440537399,"Clinical Nurse Specialist Grade 2 - Mental Health Inpatient, Kenmore Hospital - Goulburn",,scraped,2026-07-14T12:26:20.185440,
126d0f7e388a4370,https://pg.linkedin.com/jobs/view/merchandiser-at-coca-cola-europacific-partners-4440536871,Merchandiser,Coca-Cola Europacific Partners,posted,2026-07-14T17:49:48.779439,212
cc048293a40ea3af,https://pg.linkedin.com/jobs/view/%E4%B8%AD%E9%80%94%E6%8E%A1%E7%94%A8%E6%83%85%E5%A0%B1-at-p-e-directions-inc-4440047295,中途採用情報,"P&E Directions, Inc.",failed|wp_post_failed,2026-07-14T17:50:28.835600,
a213ff0f4ba5a899,https://pg.linkedin.com/jobs/view/finance-coordinator-at-dt-global-4439840228,Finance Coordinator,DT Global,posted,2026-07-14T17:50:43.102987,214
1791014ba5ce43eb,https://pg.linkedin.com/jobs/view/porgera-security-screening-supervisor-at-barrick-mining-corporation-4439826081,Porgera | Security Screening Supervisor,,scraped,2026-07-14T17:51:33.556961,
320339831cf9f177,https://pg.linkedin.com/jobs/view/enrolled-nurse-mental-health-inpatient-kenmore-hospital-goulburn-at-southern-nsw-local-health-district-4440538296,"Enrolled Nurse - Mental Health Inpatient, Kenmore Hospital - Goulburn",,scraped,2026-07-14T17:51:53.945793,
ed62bdcc62ac4bbd,https://pg.linkedin.com/jobs/view/customer-sales-representative-at-coca-cola-europacific-partners-4440548265,Customer Sales Representative,Coca-Cola Europacific Partners,posted,2026-07-14T21:40:22.868103,216
68d63c36a1aea324,https://pg.linkedin.com/jobs/view/lawyer-commercial-services-at-barrick-mining-corporation-4430312836,Lawyer - Commercial Services,,scraped,2026-07-14T21:41:11.297592,
9642f8e4817695aa,https://pg.linkedin.com/jobs/view/scaffolder-rigger-4439839423,Scaffolder/Rigger,woodgroup png,posted,2026-07-14T21:41:26.337562,218
e4410c63cc9b8507,https://pg.linkedin.com/jobs/view/driver-at-world-vision-4440509552,Driver,,scraped,2026-07-15T06:31:19.437838,
37e563859b8d6c1a,https://pg.linkedin.com/jobs/view/ima-tarima-flotante-yerden-is%C4%B1tma-belgesi-at-h%C3%BCni-parke-4440836707,IMA TARIMA FLOTANTE - Yerden Isıtma Belgesi,,scraped,2026-07-15T06:31:33.698807,
44ad42dd9dc52e36,https://pg.linkedin.com/jobs/view/general-manager-mro-at-pacific-aircrew-services-4439721555,General Manager MRO,,scraped,2026-07-15T06:32:08.831578,
17ac76c795f7c1cb,https://pg.linkedin.com/jobs/view/porgera-metallurgist-%E2%80%93-met-accounting-plant-metallurgy-at-barrick-mining-corporation-4439144108,Porgera | Metallurgist – Met Accounting - Plant Metallurgy,,scraped,2026-07-15T06:32:49.201045,
6eb0345c7844436f,https://pg.linkedin.com/jobs/view/power-pack-coordinator-at-coca-cola-europacific-partners-4440965640,Power Pack Coordinator,Coca-Cola Europacific Partners,posted,2026-07-15T12:55:45.592686,220
48af550f226a1f04,https://pg.linkedin.com/jobs/view/senior-communication-associate-g-7-fixed-term-position-port-moresby-papua-new-guinea-%2300126773-at-unicef-4439307954,"Senior Communication Associate, G-7, Fixed Term Position, Port Moresby, Papua New Guinea, #00126773",UNICEF,posted,2026-07-15T12:56:31.765061,222
5353ce0b7f1aa357,https://pg.linkedin.com/jobs/view/sourcing-coordinator-at-world-vision-4440932942,Sourcing Coordinator,,scraped,2026-07-15T12:56:48.346866,
8d16f9970b2854ea,https://pg.linkedin.com/jobs/view/johdon-assistentti-at-newil-bau-4440244618,Johdon assistentti,,scraped,2026-07-15T18:00:27.319982,
f79473937b912ec9,https://pg.linkedin.com/jobs/view/pre-feasibility-study-for-bankable-biodiesel-project-in-enb-papua-new-guinea-at-global-green-growth-institute-4440383681,"Pre-Feasibility Study for Bankable Biodiesel Project in ENB, Papua New Guinea",,scraped,2026-07-15T18:00:50.655975,
a93a24a9787da23f,https://pg.linkedin.com/jobs/view/social-behavior-change-specialist-p-3-fixed-term-position-%2300137802-port-moresby-papua-n-guinea-apr-open-for-international-candidates-only-at-unicef-4441227158,"Social & Behavior Change Specialist, P-3, Fixed Term Position, #00137802, Port Moresby - Papua N. Guinea, APR (Open for international candidates only)",UNICEF,posted,2026-07-15T18:01:18.969529,224
490f608b8b52212b,https://pg.linkedin.com/jobs/view/senior-program-manager-infrastructure-at-reliefweb-4440801260,"Senior Program Manager, Infrastructure",ReliefWeb,posted,2026-07-15T18:01:41.463806,226
7b85e7a277277bca,https://pg.linkedin.com/jobs/view/head-of-mining-operations-gold-mine-at-pt-talenta-eksekutif-asia-4440239005,Head of Mining Operations (Gold Mine),PT Talenta Eksekutif Asia,posted,2026-07-15T18:02:05.274273,228
a896d181534c4366,https://pg.linkedin.com/jobs/view/porgera-officer-travel-at-barrick-mining-corporation-4439826082,Porgera | Officer - Travel,,scraped,2026-07-15T18:02:21.681801,
85eb55ce4368ce2e,https://pg.linkedin.com/jobs/view/pastor-at-city-mission-png-4439473636,Pastor,City Mission PNG,posted,2026-07-15T21:34:32.020528,204
90822953c5d40722,https://pg.linkedin.com/jobs/view/social-behavior-change-specialist-p-3-fixed-term-position-%2300137802-port-moresby-papua-n-guinea-apr-open-for-international-candidates-only-at-unicef-chad-4438422276,"Social & Behavior Change Specialist, P-3, Fixed Term Position, #00137802, Port Moresby - Papua N. Guinea, APR (Open for international candidates only)",Unicef CHAD,posted,2026-07-15T21:34:52.644788,230
7e91ebf13d037962,https://pg.linkedin.com/jobs/view/temporary-teacher-central-yorke-school-middle-school-at-department-for-education-south-australia-4440940631,TEMPORARY TEACHER - CENTRAL YORKE SCHOOL - MIDDLE SCHOOL,"Department for Education, South Australia",posted,2026-07-15T21:35:35.891742,232
08c53a40ba8ecb02,https://pg.linkedin.com/jobs/view/scheduler-at-digicel-pacific-4441262954,Scheduler,,scraped,2026-07-16T06:37:22.905940,
ec922874a7776073,https://pg.linkedin.com/jobs/view/road-safety-coordinator-at-digicel-pacific-4441273649,Road Safety Coordinator,,scraped,2026-07-16T06:37:31.392944,
a29bdd4b6e34d949,https://pg.linkedin.com/jobs/view/autonomous-flight-safety-system-afss-for-hypersonic-weapon-systems-at-the-strategic-spectrum-missions-advanced-resilient-trusted-systems-s%C2%B2marts-ota-4440279528,Autonomous Flight Safety System (AFSS) for Hypersonic Weapon Systems,,scraped,2026-07-16T06:38:17.154039,
549e79cdff6c63b9,https://pg.linkedin.com/jobs/view/kitchen-team-member-at-dome-cafe-group-4438457903,Kitchen Team Member,,scraped,2026-07-16T06:38:32.500370,
a591f6b5930bb8ed,https://pg.linkedin.com/jobs/view/un-women-gender-responsive-journalism-port-moresby-papua-new-guinea-national-consultant-at-un-women-4441413470,"UN Women: Gender Responsive Journalism, Port Moresby, Papua New Guinea, National Consultant",UN Women,posted,2026-07-16T06:38:51.702609,234
b4b4094dd0f9cef0,https://pg.linkedin.com/jobs/view/community-affairs-manager-mining-natural-resources-at-pt-talenta-eksekutif-asia-4439404763,Community Affairs Manager (Mining & Natural Resources),PT Talenta Eksekutif Asia,posted,2026-07-16T06:38:56.391925,30
23c4cecb220839c2,https://pg.linkedin.com/jobs/view/senior-editor-at-digicel-pacific-4441283107,Senior Editor,,scraped,2026-07-16T06:39:01.066424,
f4058b61263e053e,https://pg.linkedin.com/jobs/view/consultant-digital-health-advisor-papua-new-guinea-at-palladium-make-it-possible-4438848195,"Consultant, Digital Health Advisor - Papua New Guinea",Palladium: Make It Possible,posted,2026-07-16T06:39:29.971538,236
c1d7eab0e6ad3234,https://pg.linkedin.com/jobs/view/offline-marketing-officer-at-v-beyond-developments-public-company-limited-4439115858,Offline Marketing Officer,,scraped,2026-07-16T13:07:16.990628,
d01cb89c601852c4,https://pg.linkedin.com/jobs/view/ssa-health-sector-improvement-program-finance-assistant-papua-new-guinea-at-world-health-organization-4440914135,"SSA - Health Sector Improvement Program, Finance Assistant, Papua New Guinea",,scraped,2026-07-16T13:07:29.217482,
218d4840152e41dd,https://pg.linkedin.com/jobs/view/merchandiser-at-paradise-company-ltd-4439072663,Merchandiser,,scraped,2026-07-16T13:08:49.975905,
b4c157d9a535d1ce,https://pg.linkedin.com/jobs/view/internship-event-technology-at-targetjobs-uk-4438317646,Internship - Event Technology,,scraped,2026-07-16T17:57:43.273750,
70d9a0b547e657fc,https://pg.linkedin.com/jobs/view/finance-executive-at-digicel-pacific-4441277536,Finance Executive,,scraped,2026-07-16T17:58:02.478363,
2441e119e6fe6478,https://pg.linkedin.com/jobs/view/shutdown-mechanical-supervisor-at-placements-international-4440602773,Shutdown Mechanical Supervisor,,scraped,2026-07-16T17:58:12.780356,
b52602ac56a19157,https://pg.linkedin.com/jobs/view/senior-program-manager-%E2%80%93-economic-research-and-dialogue-apep-at-abt-global-australia-4424039408,Senior Program Manager – Economic Research and Dialogue | APEP,,scraped,2026-07-16T17:58:21.586944,
0f826dcc506b103c,https://pg.linkedin.com/jobs/view/administrative-and-executive-associate-to-the-chief-of-mission-at-iom-un-migration-4439024059,Administrative and Executive Associate to the Chief of Mission,IOM - UN Migration,posted,2026-07-16T17:58:44.992380,238
198cc56bbf4b61db,https://pg.linkedin.com/jobs/view/assistant-manager-fund-accounting-at-acca-careers-4440768551,Assistant Manager - Fund Accounting,,scraped,2026-07-16T17:58:47.374539,
a5b2218c4abbcb9d,https://pg.linkedin.com/jobs/view/financial-controller-financial-services-at-global-talent-search-4440852365,Financial Controller - Financial Services,,scraped,2026-07-16T17:58:56.137985,
814097531b582863,https://pg.linkedin.com/jobs/view/human-resources-manager-at-easy-skill-4439993258,Human Resources Manager,,scraped,2026-07-16T17:59:02.648047,
f1a1fd0925563349,https://pg.linkedin.com/jobs/view/leitung-m-w-d-k-veranstaltungs-und-ausstellungstechnik-at-dthg-4441488649,Leitung (m/w/d/k) Veranstaltungs- und Ausstellungstechnik,,scraped,2026-07-16T17:59:13.583708,
9a0fdc57e596eb71,https://pg.linkedin.com/jobs/view/fpa-analyst-at-digicel-pacific-4441271722,FPA Analyst,,scraped,2026-07-16T17:59:24.035900,
6cbed6e9eafcb908,https://pg.linkedin.com/jobs/view/budget-and-compliance-officer-ug-at-iom-un-migration-4441433514,Budget and Compliance Officer (UG),IOM - UN Migration,posted,2026-07-16T17:59:44.605821,240
1e8dc712adc07860,https://pg.linkedin.com/jobs/view/police-canine-program-advisor-at-dt-global-4424354440,Police Canine Program Advisor,DT Global,posted,2026-07-16T18:00:18.007432,242
309beb0e1c33a8c1,https://pg.linkedin.com/jobs/view/lingala-bilingual-expert-remote-at-yo-it-consulting-4440623357,Lingala Bilingual Expert - Remote,,scraped,2026-07-16T21:47:40.651326,
a6d83da1f907a5d4,https://pg.linkedin.com/jobs/view/promotions-producer-at-digicel-pacific-4441281160,Promotions Producer,,scraped,2026-07-16T21:48:03.139383,
6c9518f4b41dd37c,https://pg.linkedin.com/jobs/view/projektmanager-bau-bauleiter-w-m-d%0Am%C3%BCnchen-schwabing-at-heylager-management-gmbh-4438728611,"Projektmanager Bau/ Bauleiter w/m/d
München Schwabing",,scraped,2026-07-16T21:48:09.201846,
4a91fed625cf00ca,https://pg.linkedin.com/jobs/view/operational-readiness-%E2%80%93-reliability-engineer-at-st-barbara-limited-4438096219,Operational Readiness – Reliability Engineer,St Barbara Limited,posted,2026-07-16T21:48:27.175226,244
78828cdf18798c1e,https://pg.linkedin.com/jobs/view/legal-counsel-litigation-at-digicel-pacific-4441273631,Legal Counsel-Litigation,,scraped,2026-07-16T21:48:31.830118,
ff446a417e29e9a3,https://pg.linkedin.com/jobs/view/odia-ai-trainer-remote-at-yo-it-consulting-4440627183,Odia AI Trainer - Remote,,scraped,2026-07-16T21:48:41.549174,
48a8e1287d732639,https://pg.linkedin.com/jobs/view/electrical-section-in-%E2%80%93-charge-at-astro-energy-a-e-4441163431,Electrical Section In – Charge,ASTRO ENERGY (A-E),posted,2026-07-17T06:29:32.884722,246
b43595e1f8b2ec92,https://pg.linkedin.com/jobs/view/required-assistant-teacher-education-facilitator-for-primary-at-vibgyor-hinjewadi-at-cbseguess-4440776031,Required Assistant Teacher/Education Facilitator For Primary at Vibgyor Hinjewadi,,scraped,2026-07-17T06:30:05.211993,
7c2cccfc04e67d29,https://pg.linkedin.com/jobs/view/advisor-people-training-drilling-at-newmont-corporation-4438479477,"Advisor People, Training (Drilling)",Newmont Corporation,posted,2026-07-17T06:30:20.766206,248
3aef7dcc07f6a189,https://pg.linkedin.com/jobs/view/technical-services-director-telecoms-ict-at-global-talent-search-4441925353,Technical Services Director - Telecoms & ICT,,scraped,2026-07-17T06:30:41.691858,
e7fc1f233dfcb44d,https://pg.linkedin.com/jobs/view/mpc-business-development-manager-png-at-akzonobel-4423348409,MPC Business Development Manager - PNG,,scraped,2026-07-17T06:30:52.069851,
692db4760d99fd7e,https://pg.linkedin.com/jobs/view/operational-readiness-%E2%80%93-mechanical-engineer-at-st-barbara-limited-4438448168,Operational Readiness – Mechanical Engineer,St Barbara Limited,posted,2026-07-17T06:31:24.036047,250
69148c9458eab4b5,https://pg.linkedin.com/jobs/view/project-engineer-at-astro-energy-a-e-4441158530,Project Engineer,ASTRO ENERGY (A-E),posted,2026-07-17T12:04:10.115555,252
c821ddff5c754199,https://pg.linkedin.com/jobs/view/cajero-sucursal-at-universia-m%C3%A9xico-4441151840,Cajero Sucursal,,scraped,2026-07-17T12:04:50.512494,
f5133cac7a4a3b99,https://pg.linkedin.com/jobs/view/porgera-specialist-senior-payroll-at-barrick-mining-corporation-4441121712,"Porgera | Specialist, Senior - Payroll",,scraped,2026-07-17T12:05:23.337407,
5aa4efbca7b64823,https://pg.linkedin.com/jobs/view/hse-advisor-papua-lng-at-wood-4441949688,HSE Advisor (Papua LNG),Wood,posted,2026-07-17T12:05:49.187545,254
2b91835d7ea49ef0,https://pg.linkedin.com/jobs/view/finance-executive-at-digicel-pacific-4441272716,Finance Executive,,scraped,2026-07-17T17:45:59.883754,
fb5cccbf061a1c82,https://pg.linkedin.com/jobs/view/un-women-programme-associate-port-moresby-papua-new-guinea-npsa-6-national-partner-personnel-service-agreement-at-un-women-4441992516,"UN Women: Programme Associate, Port Moresby, Papua New Guinea, NPSA-6, National Partner Personnel Service Agreement",UN Women,posted,2026-07-17T17:46:24.627157,256
fbcceebeeed9877c,https://pg.linkedin.com/jobs/view/mex-cajero-sucursal-at-tsb-bank-4438731523,MEX Cajero Sucursal,,scraped,2026-07-17T17:46:30.949077,
bca456d886ff31a6,https://pg.linkedin.com/jobs/view/technischer-mitarbeiter-handwerker-rohrinspektionstechniker-kummert-m-w-d-auf-montage-at-canal-control-%2B-clean-umweltschutzservices-gmbh-co-kg-4441195452,Technischer Mitarbeiter / Handwerker / Rohrinspektionstechniker (Kummert) (m/w/d) auf Montage,Canal-Control + Clean Umweltschutzservices GmbH &amp; Co. KG,posted,2026-07-17T17:46:43.976692,258
b5122bc74d0049a5,https://pg.linkedin.com/jobs/view/we%E2%80%99ve-got-you-covered-opening-at-manoomin-arts-initiative-4442112731,We’ve Got You Covered Opening,Manoomin Arts Initiative,posted,2026-07-17T17:46:58.200984,260
666921a318c90871,https://pg.linkedin.com/jobs/view/kontakta-oss-at-fastighets%C3%A4garna-mittnord-ab-4439822579,Kontakta oss,,scraped,2026-07-17T17:47:06.582883,
f5c62d74a0a37cd0,https://pg.linkedin.com/jobs/view/superintendent-community-projects-at-k92-mining-inc-4438776826,Superintendent - Community Projects,,scraped,2026-07-17T17:47:15.306559,
127b28d9574b3025,https://pg.linkedin.com/jobs/view/customer-engineer-i-at-ncr-atleos-4382426137,Customer Engineer I,NCR Atleos,posted,2026-07-17T17:47:29.682377,262
1729132962d0ff1c,https://pg.linkedin.com/jobs/view/infrastructure-engineer-at-digicel-pacific-4441275608,Infrastructure Engineer,,scraped,2026-07-17T17:47:32.308322,
a5a1c68a618c533b,https://pg.linkedin.com/jobs/view/geochemist-at-newmont-corporation-4441170384,Geochemist,Newmont Corporation,posted,2026-07-17T17:47:47.266355,264
fe9fa7f4c5ee9133,https://pg.linkedin.com/jobs/view/cost-controller-at-brunel-4439222229,Cost Controller,,scraped,2026-07-17T20:40:26.008693,
686faebaaafdca3e,https://pg.linkedin.com/jobs/view/deine-ausbildung-bei-busse-bau-w-m-d-at-dates-stadtmagazin-4442139962,"Deine Ausbildung bei Busse Bau (w,m,d)",DATEs Stadtmagazin,posted,2026-07-17T20:40:50.866811,266
a258f8dd2922f0b7,https://pg.linkedin.com/jobs/view/ssa-monitoring-evaluation-and-learning-expert-papua-new-guinea-at-world-health-organization-4440908525,"SSA - Monitoring, Evaluation, and Learning Expert, Papua New Guinea",,scraped,2026-07-18T05:58:15.762766,
18d53a3fb48327c7,https://pg.linkedin.com/jobs/view/credits-collections-analyst-at-astro-energy-a-e-4441174039,Credits & Collections Analyst,ASTRO ENERGY (A-E),posted,2026-07-18T05:58:29.596793,268
9c4cf10a5e7c25d8,https://pg.linkedin.com/jobs/view/autonomous-flight-safety-system-afss-for-hypersonic-weapon-systems-at-the-strategic-spectrum-missions-advanced-resilient-trusted-systems-s%C2%B2marts-ota-4441361238,Autonomous Flight Safety System (AFSS) for Hypersonic Weapon Systems,,scraped,2026-07-18T05:58:43.967795,
f5316604a45fdd9c,https://pg.linkedin.com/jobs/view/provincial-facilitator-at-dt-global-4440650966,Provincial Facilitator,DT Global,posted,2026-07-18T05:59:04.741165,270
4787fd03757b7cda,https://pg.linkedin.com/jobs/view/civil-supervisor-papua-lng-at-wood-4441957528,Civil Supervisor (Papua LNG),Wood,posted,2026-07-18T05:59:18.645299,272
f341cbd58fabc62e,https://pg.linkedin.com/jobs/view/autonomous-flight-safety-system-afss-for-hypersonic-weapon-systems-at-the-strategic-spectrum-missions-advanced-resilient-trusted-systems-s%C2%B2marts-ota-4441705890,Autonomous Flight Safety System (AFSS) for Hypersonic Weapon Systems,,scraped,2026-07-18T10:47:32.149770,
c1557a1e6ebfe1fc,https://pg.linkedin.com/jobs/view/chief-financial-officer-at-global-talent-search-4442423349,Chief Financial Officer,,scraped,2026-07-18T10:47:50.239344,
64aad566dcbbaf53,https://pg.linkedin.com/jobs/view/commercial-executive-x4-at-digicel-pacific-4441271701,Commercial Executive (x4),,scraped,2026-07-18T10:47:56.264076,
b677fc2a90ea384d,https://pg.linkedin.com/jobs/view/electrical-technician-field-service-at-cummins-asia-pacific-4392862341,Electrical Technician - Field Service,,scraped,2026-07-18T10:48:04.803200,
3d08886dd5d07955,https://pg.linkedin.com/jobs/view/ssa-hsip-finance-and-compliance-officer-papua-new-guinea-at-world-health-organization-4440961392,"SSA - HSIP Finance and Compliance Officer, Papua New Guinea",,scraped,2026-07-18T15:33:04.879403,
57a44f4cd64c1ecd,https://pg.linkedin.com/jobs/view/jammu-to-become-regional-hub-for-professional-development-lg-sinha-at-the-kashmir-monitor-4441309137,Jammu to become regional hub for professional development : LG Sinha,,scraped,2026-07-18T15:33:11.064055,
0fc8ff113cc6adfd,https://pg.linkedin.com/jobs/view/head-of-financial-reporting-at-global-talent-search-4442184322,Head of Financial Reporting,,scraped,2026-07-18T19:56:11.258782,
a253115286ac0246,https://pg.linkedin.com/jobs/view/director-research-analysis-at-anz-4441957694,"Director, Research & Analysis",,scraped,2026-07-18T19:56:21.395586,
a626e495508c4358,https://pg.linkedin.com/jobs/view/autonomous-flight-safety-system-afss-for-hypersonic-weapon-systems-at-the-strategic-spectrum-missions-advanced-resilient-trusted-systems-s%C2%B2marts-ota-4441736893,Autonomous Flight Safety System (AFSS) for Hypersonic Weapon Systems,,scraped,2026-07-18T22:34:22.033006,
eab5793553dececd,https://pg.linkedin.com/jobs/view/collage-humor-with-joan-kauppi-at-manoomin-arts-initiative-4442128043,Collage Humor with Joan Kauppi,Manoomin Arts Initiative,posted,2026-07-18T22:34:42.773540,274
6485c8b5d6da3a8c,https://pg.linkedin.com/jobs/view/making-cyanotypes-with-joseph-allen-at-manoomin-arts-initiative-4442124130,Making Cyanotypes with Joseph Allen,Manoomin Arts Initiative,posted,2026-07-18T22:34:52.050372,276
7a87c3c6f2256e89,https://pg.linkedin.com/jobs/view/technician-environment-monitoring-at-newmont-corporation-4441163595,"Technician, Environment Monitoring",Newmont Corporation,posted,2026-07-19T07:52:16.278226,278
98e4f0c8dee9baca,https://pg.linkedin.com/jobs/view/we%E2%80%99ve-got-you-covered-at-manoomin-arts-initiative-4442128042,We’ve Got You Covered,Manoomin Arts Initiative,posted,2026-07-19T07:52:37.711056,280
a9f4d83e165c4cb8,https://pg.linkedin.com/jobs/view/credits-collections-analyst-at-puma-energy-4414750986,Credits & Collections Analyst,,scraped,2026-07-19T07:52:40.349609,
2ff843e7aafc6e3b,https://pg.linkedin.com/jobs/view/kitchen-staff-at-opaa%21-food-management-4441115092,Kitchen Staff,Opaa! Food Management,posted,2026-07-19T11:40:29.164421,88
8280f13a2720b3b9,https://pg.linkedin.com/jobs/view/technical-services-airframe-structures-at-executiveplacements-com-4441766491,Technical Services Airframe Structures,,scraped,2026-07-19T11:40:45.740687,
8bfb385b99659f02,https://pg.linkedin.com/jobs/view/collage-humor-with-joan-kauppi-at-manoomin-arts-initiative-4442121217,Collage Humor With Joan Kauppi,Manoomin Arts Initiative,posted,2026-07-19T11:40:56.127379,274
020df0021db58331,https://pg.linkedin.com/jobs/view/powergrid-jobs-golden-opportunity-for-j-k-youth-check-posts-and-how-to-apply-at-the-kashmir-monitor-4441133773,PowerGrid jobs: Golden opportunity for J&K youth; check posts and how to apply,,scraped,2026-07-19T15:33:49.344119,
eb87270ceda2f9f5,https://pg.linkedin.com/jobs/view/shipping-head-at-confidential-company-4441718598,Shipping Head,Confidential Company,posted,2026-07-19T20:00:12.956328,282
5291eb06a3b6b8e8,https://pg.linkedin.com/jobs/view/t%C3%A9cnico-de-instalaci%C3%B3n-y-soporte-at-dtn-4411524861,Técnico de instalación y soporte,DTN,posted,2026-07-19T20:00:42.717180,284
902c1c1d7d49b998,https://pg.linkedin.com/jobs/view/licence-electrican-4441765118,Licence Electrican,GREENDOT ENERGY,posted,2026-07-19T20:00:53.940051,286
d236d2492f01179a,https://pg.linkedin.com/jobs/view/technician-field-service-technician-at-cummins-asia-pacific-4432979100,Technician - Field Service Technician,,scraped,2026-07-20T10:34:22.171053,
04b67f140e55736e,https://pg.linkedin.com/jobs/view/recruiter-at-brunel-4431085437,Recruiter,,scraped,2026-07-20T17:08:29.213171,
8078750054bdd196,https://pg.linkedin.com/jobs/view/autonomous-flight-safety-system-afss-for-hypersonic-weapon-systems-at-the-strategic-spectrum-missions-advanced-resilient-trusted-systems-s%C2%B2marts-ota-4442240115,Autonomous Flight Safety System (AFSS) for Hypersonic Weapon Systems,,scraped,2026-07-20T21:51:13.423694,
216dd56fbbdf655b,https://pg.linkedin.com/jobs/view/engineer-e-i-at-brunel-4440101651,Engineer E&I,,scraped,2026-07-20T21:51:31.851974,
a03f798e220e05b9,https://pg.linkedin.com/jobs/view/workshop-supervisor-at-wood-4443302008,Workshop Supervisor,Wood,posted,2026-07-21T07:44:06.106118,288
c811bb51bbda5c72,https://pg.linkedin.com/jobs/view/finance-internal-audit-manager-at-executiveplacements-com-4441771300,Finance Internal Audit Manager,,scraped,2026-07-21T07:44:08.659792,
7e20dd804910abb2,https://pg.linkedin.com/jobs/view/internal-audit-staff-at-rh-trading-limited-4442293220,Internal Audit Staff,RH TRADING LIMITED,posted,2026-07-21T07:44:22.599803,290
0a0d52b3eeed1759,https://pg.linkedin.com/jobs/view/electrical-section-in-%E2%80%93-charge-at-puma-energy-4414750984,Electrical Section In – Charge,,scraped,2026-07-21T07:44:35.238590,
154cc774443fbbcb,https://pg.linkedin.com/jobs/view/instrument-electrical-engineer-aromatics-at-ineos-styrolution-4396031641,Instrument & Electrical Engineer (Aromatics),,scraped,2026-07-21T07:44:55.797266,
2cf3a5cb9b9b645c,https://pg.linkedin.com/jobs/view/senior-officer-safety-at-nestl%C3%A9-4442635053,Senior Officer - Safety,Nestlé,posted,2026-07-21T13:04:42.915092,292
74c0697ff4542840,https://pg.linkedin.com/jobs/view/autonomous-flight-safety-system-afss-for-hypersonic-weapon-systems-at-the-strategic-spectrum-missions-advanced-resilient-trusted-systems-s%C2%B2marts-ota-4442609423,Autonomous Flight Safety System (AFSS) for Hypersonic Weapon Systems,,scraped,2026-07-21T13:04:53.280798,
4ec87cc5f5e5d4c0,https://pg.linkedin.com/jobs/view/dash-8-first-officer-at-wader-pilot-logbook-4440432347,Dash 8 First Officer,Wader Pilot Logbook,posted,2026-07-21T13:05:05.165653,294
5e11b8f6f384a5e1,https://pg.linkedin.com/jobs/view/people-culture-lead-at-nacap-pty-ltd-4442248621,People & Culture Lead,,scraped,2026-07-21T13:05:13.851920,
c4207e4d0c398f5a,https://pg.linkedin.com/jobs/view/manager-maintenance-planning-and-technical-records-at-executiveplacements-com-4441759696,Manager Maintenance Planning and Technical Records,,scraped,2026-07-21T13:05:22.553004,
7f45ae2dc528df43,https://pg.linkedin.com/jobs/view/manager-aircraft-maintenance-at-executiveplacements-com-4441776025,Manager Aircraft Maintenance,,scraped,2026-07-21T13:05:31.283992,
27b1e0ba51e11351,https://pg.linkedin.com/jobs/view/technician-power-and-utilities-at-newmont-corporation-4442007922,"Technician, Power and Utilities",Newmont Corporation,posted,2026-07-21T13:05:44.752530,296
cff42b4551a0bad0,https://pg.linkedin.com/jobs/view/jr-counsellor-at-seed-global-education-4442739259,Jr. Counsellor,,scraped,2026-07-21T18:51:43.501427,
4d2341dd42d52970,https://pg.linkedin.com/jobs/view/machine-shop-supervisor-at-lae-biscuit-company-limited-4443303856,Machine Shop Supervisor,,scraped,2026-07-21T18:51:52.197558,
74d4d7e60e09a2fa,https://pg.linkedin.com/jobs/view/worship-communion-and-song-at-manteca-assisted-living-at-st-paul-s-united-methodist-church-4443343072,"Worship, Communion and Song  At Manteca Assisted Living",St. Paul's United Methodist Church,posted,2026-07-21T18:52:14.547462,298
dbb76b50fffd05d6,https://pg.linkedin.com/jobs/view/graphic-designer-graphic-artist-at-paradise-company-ltd-4442718435,Graphic Designer / Graphic Artist,,scraped,2026-07-21T18:52:17.218658,
bdf61fa2e4fa7a89,https://pg.linkedin.com/jobs/view/kitchen-team-member-at-dome-cafe-group-4442679394,Kitchen Team Member,,scraped,2026-07-21T18:52:33.034381,
4c952da4ab0e493f,https://pg.linkedin.com/jobs/view/front-of-house-team-member-at-dome-cafe-group-4442663944,Front of House Team Member,,scraped,2026-07-21T18:52:40.306561,
eb9a3a29d83649f4,https://pg.linkedin.com/jobs/view/autonomous-flight-safety-system-afss-for-hypersonic-weapon-systems-at-the-strategic-spectrum-missions-advanced-resilient-trusted-systems-s%C2%B2marts-ota-4442697758,Autonomous Flight Safety System (AFSS) for Hypersonic Weapon Systems,,scraped,2026-07-21T23:18:31.339022,
0154174cc413cd49,https://pg.linkedin.com/jobs/view/senior-new-business-development-officer-at-resources-investment-finance-limited-4440412663,Senior New Business Development Officer,,scraped,2026-07-21T23:18:45.975381,
f099ffc59744c089,https://pg.linkedin.com/jobs/view/zimmerermeister-in-m-w-d-%E2%80%93-vollzeit-at-ammer-lech-bau-gmbh-4443581261,Zimmerermeister/in (m/w/d) – Vollzeit,Ammer Lech Bau GmbH,posted,2026-07-21T23:19:02.337127,300
61bd40f16f12fb1f,https://pg.linkedin.com/jobs/view/responsable-sanitario-at-pisa-farmac%C3%A9utica-4443569703,RESPONSABLE SANITARIO,,scraped,2026-07-21T23:19:04.666119,
5053411a665074bd,https://pg.linkedin.com/jobs/view/dash-8-captain-at-wader-pilot-logbook-4440444004,Dash 8 Captain,Wader Pilot Logbook,posted,2026-07-21T23:19:20.718267,302
59c2c09531540804,https://pg.linkedin.com/jobs/view/zimmerermeister-in-m-w-d-%E2%80%93-vollzeit-at-ammer-lech-bau-gmbh-4443559924,Zimmerermeister/in (m/w/d) – Vollzeit,Ammer Lech Bau GmbH,scraped,2026-07-21T23:19:26.741352,
f8dd83a12b662a83,https://pg.linkedin.com/jobs/view/zimmerergeselle-in-m-w-d-%E2%80%93-vollzeit-at-ammer-lech-bau-gmbh-4443578346,Zimmerergeselle/in (m/w/d) – Vollzeit,Ammer Lech Bau GmbH,posted,2026-07-21T23:19:35.778505,304
73e88d4fa1d03871,https://pg.linkedin.com/jobs/view/buchhalter-m-w-d-mit-backoffice-aufgaben-teilzeit-ab-16-stunden-woche-at-kalcon-bau-gmbh-4443562570,Buchhalter (m/w/d) mit Backoffice-Aufgaben Teilzeit ab 16 Stunden/Woche,,scraped,2026-07-21T23:19:42.530488,
e6678aebab58eab9,https://pg.linkedin.com/jobs/view/external-commercial-engagement-executive-at-bat-4414740615,External Commercial Engagement Executive,,scraped,2026-07-21T23:19:52.290398,
8d04cd0c34e863f3,https://pg.linkedin.com/jobs/view/applications-are-invited-from-competent-and-experienced-professionals-on-contractual-basis-to-be-engaged-under-sabagris-project-bau-sabour-at-horticulture-research-centre-hrc-kishanganj-bihar-agricultural-university-sabour-4443567064,"Applications are invited from competent and experienced professionals on contractual basis to be engaged under SABAGRIs Project, BAU, Sabour",,scraped,2026-07-22T09:18:15.411562,
acb3d03209888b1c,https://pg.linkedin.com/jobs/view/project-consultants-at-smec-an-sj-group-company-4442006156,Project Consultants,SMEC (an SJ Group company),posted,2026-07-22T09:18:40.429237,306
6e4090f8a65a83f4,https://pg.linkedin.com/jobs/view/commercial-manager-%E2%80%93-mining-marine-at-astro-energy-a-e-4443108137,Commercial Manager – Mining & Marine,ASTRO ENERGY (A-E),posted,2026-07-22T09:18:50.309172,308
06598e003108122d,https://pg.linkedin.com/jobs/view/junior-lab-technician-at-brightlands-4443342656,(Junior) Lab Technician,Brightlands,posted,2026-07-22T09:19:09.606273,309
bea5a593f4fe5b83,https://pg.linkedin.com/jobs/view/applications-are-invited-for-assistant-manager-and-business-executive-under-sabagris-bau-sabour-at-horticulture-research-centre-hrc-kishanganj-bihar-agricultural-university-sabour-4443562261,"Applications are invited for Assistant Manager and Business Executive under SABAGRIs, BAU, Sabour",,scraped,2026-07-22T09:19:12.194723,
eae5981175554caa,https://pg.linkedin.com/jobs/view/book-study-at-manteca-assisted-living-at-st-paul-s-united-methodist-church-4443324737,Book Study at Manteca Assisted Living,St. Paul's United Methodist Church,posted,2026-07-22T09:19:28.466157,311
d6777e20039d2826,https://pg.linkedin.com/jobs/view/air-niugini-job-service-training-lead-%E2%80%93-cabin-crew-at-png-facts-4442502205,Air Niugini job : Service Training Lead – Cabin Crew,,scraped,2026-07-22T09:19:31.160916,
a28bb9a7d328eab4,https://pg.linkedin.com/jobs/view/general-manager-mro-at-executiveplacements-com-4441776024,General Manager - MRO,,scraped,2026-07-22T09:19:37.447361,
d1f7d9bbcf10c03b,https://pg.linkedin.com/jobs/view/operations-manager-supply-chain-division-at-prop-listing-4441979679,"Operations Manager, Supply Chain Division",,scraped,2026-07-22T09:19:46.150225,
8048b1e9c2394d73,https://pg.linkedin.com/jobs/view/napesni%E2%80%99s-renegade-with-marcie-rendon-at-manoomin-arts-initiative-4442122165,Napesni’s Renegade with Marcie Rendon,Manoomin Arts Initiative,posted,2026-07-22T09:19:59.514999,313
cee2fc8d732f6c02,https://pg.linkedin.com/jobs/view/contract-manager-at-easy-skill-4442948609,Contract Manager,,scraped,2026-07-22T09:20:22.048917,
93d15b934d0c5fb3,https://pg.linkedin.com/jobs/view/hv-electrician-mobile-maintenance-at-brunel-4442608811,HV Electrician Mobile Maintenance,,scraped,2026-07-22T09:20:31.236643,
20b4fe00b3d24977,https://pg.linkedin.com/jobs/view/underground-hv-electrician-at-brunel-4442607899,Underground HV Electrician,,scraped,2026-07-22T09:20:47.823011,
637ce343f19f6286,https://pg.linkedin.com/jobs/view/construction-engineer-papua-lng-at-wood-4442567386,Construction Engineer (Papua LNG),Wood,posted,2026-07-22T09:21:12.609321,315
11b8c5bf773718e0,https://pg.linkedin.com/jobs/view/radiologist-papua-new-guinea-at-radbridge-global-4443316614,Radiologist (Papua New Guinea),,scraped,2026-07-22T09:21:17.526588,
46ebcbad7ddcb4c8,https://pg.linkedin.com/jobs/view/human-resource-officer-wcs-png-at-wcs-in-papua-new-guinea-4443753715,HUMAN RESOURCE OFFICER - WCS PNG,WCS in Papua New Guinea,posted,2026-07-22T15:54:40.068354,317
15c8fbf1b3dcf20d,https://pg.linkedin.com/jobs/view/autonomous-flight-safety-system-afss-for-hypersonic-weapon-systems-at-the-strategic-spectrum-missions-advanced-resilient-trusted-systems-s%C2%B2marts-ota-4443118756,Autonomous Flight Safety System (AFSS) for Hypersonic Weapon Systems,,scraped,2026-07-22T15:55:00.441896,
1cda378d2bcb9875,https://pg.linkedin.com/jobs/view/materials-coordinator-papua-lng-at-wood-4442555910,Materials Coordinator (Papua LNG),Wood,posted,2026-07-22T15:55:27.573823,319
a6d42a17c7e82981,https://pg.linkedin.com/jobs/view/zimmerergeselle-in-m-w-d-%E2%80%93-vollzeit-at-ammer-lech-bau-gmbh-4443576357,Zimmerergeselle/in (m/w/d) – Vollzeit,Ammer Lech Bau GmbH,posted,2026-07-22T15:55:36.710172,304
28039bfd271df73c,https://pg.linkedin.com/jobs/view/koordinator-m-w-d-infrastrukturkommunikation-leipziger-wasserwerke-gruppe-at-leipziger-verkehrsbetriebe-4443944028,Koordinator (m/w/d) Infrastrukturkommunikation Leipziger Wasserwerke-Gruppe,,scraped,2026-07-22T15:55:41.191456,
836481d4c2550cfe,https://pg.linkedin.com/jobs/view/projektleiter-in-baubewilligungsverfahren-80-100%25-at-schutz-intervention-winterthur-4441789596,Projektleiter:in Baubewilligungsverfahren (80 - 100%),Schutz & Intervention Winterthur,posted,2026-07-22T15:56:24.759345,321
713a0d957667537b,https://pg.linkedin.com/jobs/view/%E2%80%8B-lkw-fahrer-m-w-d-%E2%80%8B-at-leipziger-verkehrsbetriebe-4443500303,LKW-Fahrer (m/w/d),,scraped,2026-07-22T15:56:27.347559,
fc5ec222a9921b05,https://pg.linkedin.com/jobs/view/bauhilfsarbeiter-im-bereich-der-sanierung-neubau-m-w-d-at-kalcon-bau-gmbh-4443562571,Bauhilfsarbeiter im Bereich der Sanierung & Neubau (m/w/d),,scraped,2026-07-22T15:56:38.894365,
4cbeccd493a69e2e,https://pg.linkedin.com/jobs/view/grader-operator-4441701679,Grader operator,PPCC,posted,2026-07-22T15:56:51.310496,323
10dc777b089c0981,https://pg.linkedin.com/jobs/view/geologist-at-newmont-corporation-4443765177,Geologist,Newmont Corporation,posted,2026-07-22T15:56:59.917201,325
195d767b17b873f7,https://pg.linkedin.com/jobs/view/ict-level-1-support-engineer-at-digicel-pacific-4443570810,ICT Level 1 Support Engineer,,scraped,2026-07-22T20:20:50.253318,
25e081f3b33c31db,https://pg.linkedin.com/jobs/view/supervisor-smp-at-brunel-4443304321,Supervisor - SMP,,scraped,2026-07-22T20:21:10.666480,
81c1b1eb80066ab4,https://pg.linkedin.com/jobs/view/credits-collections-analyst-at-astro-energy-a-e-4443104312,Credits & Collections Analyst,ASTRO ENERGY (A-E),posted,2026-07-23T07:45:00.315975,268
719b89b97ce14201,https://pg.linkedin.com/jobs/view/dussmann-gulf-careers-%E2%80%93-new-job-opportunities-available-at-job-vacancy-at-dubai-4443790800,Dussmann Gulf Careers – New Job Opportunities Available,Job Vacancy At Dubai,posted,2026-07-23T07:45:10.883145,327
2a4b813acf104f72,https://pg.linkedin.com/jobs/view/autonomous-flight-safety-system-afss-for-hypersonic-weapon-systems-at-the-strategic-spectrum-missions-advanced-resilient-trusted-systems-s%C2%B2marts-ota-4443432278,Autonomous Flight Safety System (AFSS) for Hypersonic Weapon Systems,,scraped,2026-07-23T07:45:17.205825,
0e5024bdae73073d,https://pg.linkedin.com/jobs/view/rf-design-expert-for-the-development-of-wireless-communication-interfaces-of-chiplets-m-w-d-at-fraunhofer-institut-f%C3%BCr-zuverl%C3%A4ssigkeit-und-mikrointegration-4440493378,RF Design Expert for the Development of Wireless Communication Interfaces of Chiplets (m/w/d),Fraunhofer-Institut für Zuverlässigkeit und Mikrointegration,posted,2026-07-23T07:45:32.092900,329
425c7d16af77d68a,https://pg.linkedin.com/jobs/view/job-with-png-air-legal-administration-manager-company-secretary-at-png-facts-4443390032,JOB with PNG AIR : LEGAL ADMINISTRATION MANAGER & COMPANY SECRETARY,,scraped,2026-07-23T07:45:34.788480,
5af5b739609c07ff,https://pg.linkedin.com/jobs/view/business-development-manager-agriculture-at-global-talent-search-4431982581,Business Development Manager - Agriculture,,scraped,2026-07-23T07:45:41.258346,
4db21c45beb16484,https://pg.linkedin.com/jobs/view/advisor-operations-security-at-newmont-corporation-4442609056,"Advisor, Operations Security",Newmont Corporation,posted,2026-07-23T07:45:52.677624,331
11748496a1f9622a,https://pg.linkedin.com/jobs/view/mining-dispatch-lead-at-st-barbara-limited-4440402527,Mining Dispatch Lead,St Barbara Limited,posted,2026-07-23T07:46:05.122971,333
70fcd5d1570f26f2,https://pg.linkedin.com/jobs/view/atr72-first-officer-at-wader-pilot-logbook-4440440091,ATR72 First Officer,Wader Pilot Logbook,posted,2026-07-23T07:46:13.048909,335
4f26c2413786a385,https://pg.linkedin.com/jobs/view/%E2%80%8Bfachbearbeiter-m-w-d-%E2%80%8Bservice-und-anlagenpr%C3%BCfung-at-leipziger-verkehrsbetriebe-4443943054,Fachbearbeiter (m/w/d) Service und Anlagenprüfung,,scraped,2026-07-23T07:46:27.599083,
ea296b8bba4ab5b9,https://pg.linkedin.com/jobs/view/facharbeiter-maurer-im-bereich-der-sanierung-neubau-m-w-d-at-kalcon-bau-gmbh-4443578103,Facharbeiter / Maurer im Bereich der Sanierung & Neubau (m/w/d),,scraped,2026-07-23T07:46:39.231471,
b47727ebd3b89024,https://pg.linkedin.com/jobs/view/street-art-fest-2026-open-call-at-surface-gallery-4444233469,STREET ART FEST 2026 OPEN CALL,,scraped,2026-07-23T07:46:58.577458,
0807336c7dbd7bf7,https://pg.linkedin.com/jobs/view/autonomous-flight-safety-system-afss-for-hypersonic-weapon-systems-at-the-strategic-spectrum-missions-advanced-resilient-trusted-systems-s%C2%B2marts-ota-4443827476,Autonomous Flight Safety System (AFSS) for Hypersonic Weapon Systems,,scraped,2026-07-23T13:14:43.750216,
65cf287799e015c2,https://pg.linkedin.com/jobs/view/pomocn%C3%A1-sila-do-kuchyne-at-hotel-sun-senec-4443769089,Pomocná sila do kuchyne,,scraped,2026-07-23T13:15:07.646857,
3d725cb860e159cd,https://pg.linkedin.com/jobs/view/senior-project-sales-executive%0A-1-at-isi-steel-4439635190,"Senior Project Sales Executive
            ( 1 )",,scraped,2026-07-23T13:15:16.124163,
9e4276200ad3bff6,https://pg.linkedin.com/jobs/view/project-supervisor-at-st-barbara-limited-4440413185,Project Supervisor,St Barbara Limited,posted,2026-07-23T13:15:35.668124,337
73dd787a43f7b02f,https://pg.linkedin.com/jobs/view/auszubildende-r-zimmerer-in-at-ammer-lech-bau-gmbh-4443562826,Auszubildende/r Zimmerer/in,Ammer Lech Bau GmbH,posted,2026-07-23T13:15:45.095627,339
2bfb7f1feb6f9652,https://pg.linkedin.com/jobs/view/auszubildende-r-zimmerer-in-at-ammer-lech-bau-gmbh-4443577374,Auszubildende/r Zimmerer/in,Ammer Lech Bau GmbH,scraped,2026-07-23T13:15:49.139549,
a8420bfb215b18b8,https://pg.linkedin.com/jobs/view/metallurgist-at-newmont-corporation-4442609057,Metallurgist,Newmont Corporation,posted,2026-07-23T13:16:01.307927,341
688adb28495a88e1,https://pg.linkedin.com/jobs/view/financial-controller-at-global-talent-search-4441086791,Financial Controller,,scraped,2026-07-23T13:16:06.028026,
d164494ba2eaedc8,https://pg.linkedin.com/jobs/view/finance-manager-at-g4s-4441097665,Finance Manager,G4S,posted,2026-07-23T13:16:22.868662,343
b206fd297299ce09,https://pg.linkedin.com/jobs/view/education-business-services-manager-%E2%80%93-open-competition-1-year-term-at-enoch-cree-nation-4444206522,EDUCATION BUSINESS SERVICES MANAGER – OPEN COMPETITION (1 YEAR TERM),,scraped,2026-07-23T13:16:27.240452,
daf9070546835953,https://pg.linkedin.com/jobs/view/bautechniker-m-w-d-schwerpunkt-sanierung-neubau-mit-entwicklungsm%C3%B6glichkeit-zum-bauleiter-at-kalcon-bau-gmbh-4443573208,Bautechniker (m/w/d) Schwerpunkt Sanierung & Neubau mit Entwicklungsmöglichkeit zum Bauleiter,,scraped,2026-07-23T18:23:03.857590,
dba1841efbfd6585,https://pg.linkedin.com/jobs/view/technician-fitter-fpm-at-k92-mining-inc-4443107416,Technician - Fitter (FPM),,scraped,2026-07-23T18:23:33.313514,
b5de48e6d04b1f4e,https://pg.linkedin.com/jobs/view/electrical-section-in-%E2%80%93-charge-at-astro-energy-a-e-4444026246,Electrical Section In – Charge,ASTRO ENERGY (A-E),failed|wp_post_failed,2026-07-23T23:16:15.759403,
65abd5b46e26a722,https://pg.linkedin.com/jobs/view/autonomous-flight-safety-system-afss-for-hypersonic-weapon-systems-at-the-strategic-spectrum-missions-advanced-resilient-trusted-systems-s%C2%B2marts-ota-4444022775,Autonomous Flight Safety System (AFSS) for Hypersonic Weapon Systems,,scraped,2026-07-23T23:16:46.117757,
417343b4b7bd3d90,https://pg.linkedin.com/jobs/view/surfres-2026-call-for-submissions-at-surface-gallery-4444228596,SURFRES 2026 CALL FOR SUBMISSIONS,,scraped,2026-07-23T23:17:26.127755,
a2311dce754ae34e,https://pg.linkedin.com/jobs/view/spring-luncheon-2026-at-villa-majella-maternity-home-4444404714,Spring Luncheon 2026,Villa Majella Maternity Home,failed|wp_post_failed,2026-07-23T23:17:47.621682,
95e568ed1b2cca2b,https://pg.linkedin.com/jobs/view/ausbildung-im-bau-%3D-viele-berufe-mit-vorstellung-film-gehalt-chancen%E2%80%A6-at-struensee-gymnasium-4443886522,"Ausbildung im Bau => viele Berufe mit Vorstellung (Film, Gehalt, Chancen…)",Struensee Gymnasium,failed|wp_post_failed,2026-07-23T23:17:56.284278,
39c10209d657a5a9,https://pg.linkedin.com/jobs/view/hef-tradesmen-4443137949,HEF tradesmen,Barrick Gold Corporation-Porgera,failed|wp_post_failed,2026-07-23T23:18:02.998852,
cdec1e83c6b9add9,https://pg.linkedin.com/jobs/view/senior-grant-manager-aihss2-at-abt-global-australia-4440135044,"Senior Grant Manager, AIHSS2",,scraped,2026-07-23T23:18:07.620360,
2becff0273e7c1dc,https://pg.linkedin.com/jobs/view/electrician-fixed-plant-maintenance-at-st-barbara-limited-4441523381,Electrician - Fixed Plant Maintenance,St Barbara Limited,failed|wp_post_failed,2026-07-24T09:12:27.573946,
22bfa6951af8dc43,https://pg.linkedin.com/jobs/view/general-manager-at-digicel-pacific-4444782276,General Manager,,scraped,2026-07-24T09:12:32.009433,
0ca10eb83111cb85,https://pg.linkedin.com/jobs/view/supervisor-transport-and-logistics-at-newmont-corporation-4444318035,Supervisor Transport and Logistics,Newmont Corporation,failed|wp_post_failed,2026-07-24T09:12:44.367938,
613a5cbb333f8cf1,https://pg.linkedin.com/jobs/view/production-scheduler-at-bat-4444327124,Production Scheduler,,scraped,2026-07-24T09:12:56.710809,
66a653375cce96b8,https://pg.linkedin.com/jobs/view/porgera-assistant-scaffolder-scaffolding-at-barrick-mining-corporation-4444302216,Porgera | Assistant - Scaffolder - Scaffolding,,scraped,2026-07-24T09:13:21.186660,
b06277be7b83d8c0,https://pg.linkedin.com/jobs/view/porgera-scaffolder-scaffolding-at-barrick-mining-corporation-4444304190,Porgera | Scaffolder - Scaffolding,,scraped,2026-07-24T09:13:27.389366,
4522a363fadeda5c,https://pg.linkedin.com/jobs/view/senior-tax-manager-at-global-talent-search-4442565986,Senior Tax Manager,,scraped,2026-07-24T09:13:41.161395,
41e1ef88ca69f53b,https://pg.linkedin.com/jobs/view/porgera-tradesperson-auto-electrical-underground-at-barrick-mining-corporation-4442976579,Porgera | Tradesperson - Auto Electrical Underground,,scraped,2026-07-24T09:13:47.062820,
79767ee3a29ab2b4,https://pg.linkedin.com/jobs/view/autonomous-flight-safety-system-afss-for-hypersonic-weapon-systems-at-the-strategic-spectrum-missions-advanced-resilient-trusted-systems-s%C2%B2marts-ota-4444332462,Autonomous Flight Safety System (AFSS) for Hypersonic Weapon Systems,,scraped,2026-07-24T15:18:40.382265,
5e462dc4eb0afadb,https://pg.linkedin.com/jobs/view/small-cannabis-businesses-at-something-awful-4441850084,Small Cannabis Businesses,Something Awful,posted,2026-07-24T20:49:12.850648,345
7b12143b9613a146,https://pg.linkedin.com/jobs/view/commercial-manager-at-digicel-pacific-4444773386,Commercial Manager,,scraped,2026-07-24T20:49:21.302887,
b7d6b3b3024a5d47,https://pg.linkedin.com/jobs/view/senior-project-sales-executive%0A-1-at-isi-steel-4441823901,"Senior Project Sales Executive
            ( 1 )",,scraped,2026-07-24T20:49:37.231538,
4ca6be357a317c58,https://pg.linkedin.com/jobs/view/tell-me-the-best-way-to-steward-money-for-my-grandmother-at-something-awful-4441841448,Tell Me: the best way to steward money for my grandmother,Something Awful,posted,2026-07-24T20:49:56.425144,347
be88db6586287007,https://pg.linkedin.com/jobs/view/manager-mobile-maintenance-at-st-barbara-limited-4441563989,Manager Mobile Maintenance,St Barbara Limited,posted,2026-07-24T20:50:21.909105,349
569c5350e85fc377,https://pg.linkedin.com/jobs/view/junior-qc-analyst-at-brightlands-4444761229,(Junior) QC Analyst,Brightlands,posted,2026-07-25T06:37:25.441923,350
7b8f06e0b1d68386,https://pg.linkedin.com/jobs/view/monitoring-and-evaluation-specialist-at-fao-4441845248,Monitoring and Evaluation Specialist,,scraped,2026-07-25T06:37:44.073405,
61b5fc1464567177,https://pg.linkedin.com/jobs/view/leiter-in-baudokumentation-archiv-at-standortf%C3%B6rderung-st-gallen-4441855157,Leiter/in Baudokumentation / Archiv,Standortförderung St.Gallen,posted,2026-07-25T15:48:26.765475,351
b6189b0b3ecee6f4,https://pg.linkedin.com/jobs/view/maintenence-electrician-4444652998,MAINTENENCE ELECTRICIAN,BEENETS TRADING,posted,2026-07-25T15:48:38.625652,353
7c03688f492a03cb,https://pg.linkedin.com/jobs/view/lateral-police-officer-at-flossmoor-village-hall-4441540535,Lateral Police Officer,Flossmoor Village Hall,posted,2026-07-25T20:14:36.968431,355
31d99315e18c90ce,https://pg.linkedin.com/jobs/view/fantino-moka-250gr-at-caff%C3%A8-fantino-4444803220,"""Fantino Moka"" - 250gr",,scraped,2026-07-26T07:46:19.766323,
6faeb450595b82f4,https://pg.linkedin.com/jobs/view/browse-jobs-by-province-at-right-at-home-durham-region-4445344928,Browse Jobs by Province,,scraped,2026-07-26T07:46:33.156848,
a0abab8761fbab4a,https://pg.linkedin.com/jobs/view/coordinator-manga-library-at-altonimbus-entertainment-4445357372,"Coordinator, Manga Library",ALTONIMBUS ENTERTAINMENT,posted,2026-07-26T07:46:52.140581,357
692b27db3199eefd,https://pg.linkedin.com/jobs/view/orzo-moka-macinato-fantino-500gr-at-caff%C3%A8-fantino-4444816083,Orzo Moka macinato Fantino - 500gr,,scraped,2026-07-26T07:46:56.504167,
7a746bc2fda73dc2,https://pg.linkedin.com/jobs/view/pharmacist-at-lae-wellness-medical-clinic-diagnostic-center-4444816391,Pharmacist,Lae Wellness Medical Clinic &amp; Diagnostic Center,posted,2026-07-26T11:50:12.158784,359
4337bde18a5a7b1c,https://pg.linkedin.com/jobs/view/general-manager-4444845192,General Manager,Finance Company,posted,2026-07-26T11:50:21.766912,361
e9ca89511bb5b6c8,https://pg.linkedin.com/jobs/view/si-cercano-2-medici-per-l-ospedale-villa-salus-di-mestre-ve-at-ame-associazione-medici-endocrinologi-4443839124,Si cercano 2 medici per l'Ospedale Villa Salus di Mestre (VE),AME Associazione Medici Endocrinologi,posted,2026-07-26T11:50:38.635369,363
ad7b64816ec200a5,https://pg.linkedin.com/jobs/view/payroll-supervisor-at-st-barbara-limited-4442373222,Payroll Supervisor,St Barbara Limited,posted,2026-07-26T15:48:20.785066,365
4635f1a6dc914be5,https://pg.linkedin.com/jobs/view/information-session-at-venture-fellows-4445343870,Information Session,Venture Fellows,posted,2026-07-26T15:48:28.320933,367
13e0098e03995c29,https://pg.linkedin.com/jobs/view/venture-fellow-alumni-panel-at-venture-fellows-4445341914,Venture Fellow Alumni Panel,Venture Fellows,posted,2026-07-26T15:48:45.802237,369
974efd40a2e3e93b,https://pg.linkedin.com/jobs/view/duru-life-gayrimenkul-dan%C4%B1%C5%9Fman%C4%B1-al%C4%B1mlar%C4%B1-yapacak%21-son-ba%C5%9Fvuru-18-%C5%9Fubat%21-at-geks-gayrimenkuleks-com-4445601793,"Duru Life, Gayrimenkul Danışmanı Alımları Yapacak! Son Başvuru: 18 Şubat!",GEKS : GayrimenkulEks.Com,posted,2026-07-26T20:16:31.820787,371
98db324780d73933,https://pg.linkedin.com/jobs/view/the-casual-society-of-literary-women-at-region-2-arts-council-4442359911,The Casual Society of Literary Women,REGION 2 ARTS COUNCIL,posted,2026-07-27T10:56:11.972453,373
5c7cf9c74cf2d3a0,https://pg.linkedin.com/jobs/view/electrical-section-in-%E2%80%93-charge-at-astro-energy-a-e-4444884592,Electrical Section In – Charge,ASTRO ENERGY (A-E),posted,2026-07-27T10:56:16.778748,246
f9513f12b2fba110,https://pg.linkedin.com/jobs/view/avenue-q-at-region-2-arts-council-4442363776,Avenue Q,REGION 2 ARTS COUNCIL,posted,2026-07-27T10:56:24.405271,375
36dab8a2c550e629,https://pg.linkedin.com/jobs/view/map-spaces-at-villas-a-map-group-company-4445657385,MAP Spaces,,scraped,2026-07-27T10:56:28.768769,
9fcfecf6b39ea35a,https://pg.linkedin.com/jobs/view/l3-network-engineer-at-lightspeed-pacific-4445921125,L3 Network Engineer,,scraped,2026-07-27T10:56:59.056645,
a48597e74f4503b2,https://pg.linkedin.com/jobs/view/accounts-officer-at-81-sentinel-security-4444849406,Accounts Officer,81 Sentinel Security,posted,2026-07-27T10:57:11.440504,377
a5bf396bc2bdadad,https://pg.linkedin.com/jobs/view/driver-at-world-vision-4444964617,Driver,,scraped,2026-07-27T10:57:28.205610,
e3b04990d97aee40,https://pg.linkedin.com/jobs/view/cabaret-the-journey-begins-at-region-2-arts-council-4442364812,CABARET: The Journey Begins,REGION 2 ARTS COUNCIL,posted,2026-07-27T10:57:39.864147,379
8cc00f169331a01c,https://pg.linkedin.com/jobs/view/a-night-of-noise-and-neighbors-at-region-2-arts-council-4442371821,A Night of Noise and Neighbors,REGION 2 ARTS COUNCIL,posted,2026-07-27T10:57:51.598120,381
5c26774e07db2e22,https://pg.linkedin.com/jobs/view/leitung-m-w-d-k-veranstaltungs-und-ausstellungstechnik-at-dthg-4445283679,Leitung (m/w/d/k) Veranstaltungs- und Ausstellungstechnik,,scraped,2026-07-27T10:58:02.088196,
9b9b3c17c99506dd,https://pg.linkedin.com/jobs/view/on-the-verge-or-the-geography-of-yearning-at-region-2-arts-council-4442369786,"On the Verge, or, the Geography of Yearning",REGION 2 ARTS COUNCIL,posted,2026-07-27T10:58:20.598899,383
b8566634212f5a6c,https://pg.linkedin.com/jobs/view/free-young-artist-studio-feline-fun-swipe-art-at-region-2-arts-council-4442359912,Free Young Artist Studio: Feline Fun Swipe Art,REGION 2 ARTS COUNCIL,posted,2026-07-27T10:58:37.628613,385
24f1fad0ef2a0664,https://pg.linkedin.com/jobs/view/superintendent-construction-projects-at-barrick-mining-corporation-4444843010,Superintendent - Construction Projects,,scraped,2026-07-27T10:58:40.100068,
88e85f307d07a941,https://pg.linkedin.com/jobs/view/projektleiter-in-entw%C3%A4sserung-80-100%25-at-schutz-intervention-winterthur-4444859393,Projektleiter:in Entwässerung (80 - 100%),Schutz & Intervention Winterthur,posted,2026-07-27T10:59:20.132310,387
933baa3ec9701bd6,https://pg.linkedin.com/jobs/view/superintendent-power-and-utilities-operations-at-newmont-corporation-4443755615,"Superintendent, Power and Utilities Operations",Newmont Corporation,posted,2026-07-27T10:59:31.006228,389
bac5f4567ebda91a,https://pg.linkedin.com/jobs/view/de-brink-barber-beautyshop-at-chain-digital-4445661590,De Brink Barber & Beautyshop,,scraped,2026-07-27T10:59:33.360726,
7314cb1c6a8683f1,https://pg.linkedin.com/jobs/view/string-theory-rope-ladder-and-knot-tying-class-by-eiko-mizushima-at-region-2-arts-council-4442365807,String Theory: Rope Ladder and Knot Tying Class by Eiko Mizushima,REGION 2 ARTS COUNCIL,posted,2026-07-27T10:59:56.100666,391
a8451d31a95c3388,https://pg.linkedin.com/jobs/view/administration-logistics-officer-at-world-vision-4445921168,Administration & Logistics Officer,,scraped,2026-07-27T18:00:25.096819,
4ac4aa535849c32d,https://pg.linkedin.com/jobs/view/machmom-car-at-hamouda-dev-4442837982,Machmom Car,,scraped,2026-07-27T18:00:37.567078,
ae88ecb78dc389bc,https://pg.linkedin.com/jobs/view/courthive-components-at-courthive-4442855816,CourtHive Components,CourtHive,posted,2026-07-27T18:01:04.947905,393
73f3644c9349fdd8,https://pg.linkedin.com/jobs/view/todd-oliver%E2%80%99s-funniest-night-in-town-hosted-by-the-northern-lights-concert-association-at-region-2-arts-council-4442360835,Todd Oliver’s Funniest Night in Town Hosted by the Northern Lights Concert Association,REGION 2 ARTS COUNCIL,posted,2026-07-27T18:01:13.640279,395
e8cb0febd7a22ee6,https://pg.linkedin.com/jobs/view/pubhopper-app-at-chain-digital-4445665596,Pubhopper App,,scraped,2026-07-27T18:01:28.013133,
1113cb1ca1ae7f08,https://pg.linkedin.com/jobs/view/eccl-project-manager-at-smec-an-sj-group-company-4414911761,ECCL Project Manager,SMEC (an SJ Group company),posted,2026-07-27T18:02:01.117183,397
b864b856446dcf8f,https://pg.linkedin.com/jobs/view/garth-live%21-legendary-tribute-to-garth-brooks-hosted-by-the-northern-lights-concert-association-at-region-2-arts-council-4442362816,Garth LIVE! Legendary Tribute to Garth Brooks Hosted by the Northern Lights Concert Association,REGION 2 ARTS COUNCIL,posted,2026-07-27T18:02:09.655935,399
6095514eff06f64f,https://pg.linkedin.com/jobs/view/leiter-in-fachbereich-liegenschaftsentw%C3%A4sserung-80-100%25-at-schutz-intervention-winterthur-4444866378,Leiter:in Fachbereich Liegenschaftsentwässerung (80 - 100%),Schutz & Intervention Winterthur,posted,2026-07-27T18:02:47.677561,401
0137c7fc8d17d2e1,https://pg.linkedin.com/jobs/view/werktuig-en-bouwdienst-denekamp-at-chain-digital-4445668598,Werktuig en Bouwdienst Denekamp,,scraped,2026-07-27T18:02:50.035964,
8462605fdbd758a2,https://pg.linkedin.com/jobs/view/bemidji-pride-at-region-2-arts-council-4442379745,Bemidji Pride,REGION 2 ARTS COUNCIL,posted,2026-07-27T21:52:18.113474,403
0bf5a303fc7e6811,https://pg.linkedin.com/jobs/view/solar-electrician-at-simple-solar-limited-4442323183,Solar Electrician,Simple Solar Limited,posted,2026-07-28T07:48:51.299956,405
01bb8ba3a8c0b661,https://pg.linkedin.com/jobs/view/procurement-coordinator-mining-at-pt-talenta-eksekutif-asia-4445422790,Procurement Coordinator (Mining),PT Talenta Eksekutif Asia,posted,2026-07-28T07:49:00.601423,407
a6cefb9df80479d3,https://pg.linkedin.com/jobs/view/trainee-operator-at-orica-4445425473,Trainee Operator,,scraped,2026-07-28T07:49:17.261456,
3f645d599cefc67c,https://pg.linkedin.com/jobs/view/reading-of-the-declaration-of-independence-hosted-by-the-warroad-heritage-center-at-region-2-arts-council-4442359913,Reading of the Declaration of Independence | Hosted by the Warroad Heritage Center,REGION 2 ARTS COUNCIL,posted,2026-07-28T07:49:28.197677,409
5056ebad0dfcaf4d,https://pg.linkedin.com/jobs/view/porgera-officer-camps-at-barrick-mining-corporation-4445405644,Porgera | Officer - Camps,,scraped,2026-07-28T07:49:32.546073,
d18e8e109cb8eb6f,https://pg.linkedin.com/jobs/view/karriere-at-ecomax-4445199132,Karriere,ECOMAX,posted,2026-07-28T07:50:01.429337,411
5d3eddb22fbd2afe,https://pg.linkedin.com/jobs/view/restaurant-manager-at-national-liquor-news-4445636493,Restaurant Manager,,scraped,2026-07-28T07:50:03.822014,
a15c7cd6539e7ea7,https://pg.linkedin.com/jobs/view/diamonds-and-darlings-a-1950s-hollywood-night-celebrating-marilyn-monroe%E2%80%99s-100th-birthday-at-region-2-arts-council-4442367804,Diamonds and Darlings: A 1950s Hollywood Night Celebrating Marilyn Monroe’s 100th Birthday,REGION 2 ARTS COUNCIL,posted,2026-07-28T07:50:20.241466,413
03d69d435b39d3d7,https://pg.linkedin.com/jobs/view/arcostrum-hosted-by-the-northern-lights-concert-association-at-region-2-arts-council-4442363777,Arcostrum Hosted by the Northern Lights Concert Association,REGION 2 ARTS COUNCIL,posted,2026-07-28T07:50:30.108169,415
cb25b6c815297a25,https://pg.linkedin.com/jobs/view/advisor-electrical-at-newmont-corporation-4443769081,Advisor Electrical,Newmont Corporation,posted,2026-07-28T07:50:39.299294,417
0deddb3625b31606,https://pg.linkedin.com/jobs/view/pilot-rotary-wing-b407-at-hevilift-4442373828,Pilot Rotary Wing (B407),HEVILIFT,posted,2026-07-28T07:50:56.751328,419
761dc0103dce106d,https://pg.linkedin.com/jobs/view/lucky-stiff-a-musical-comedy-presented-by-warroad-summer-theatre-at-region-2-arts-council-4442375745,Lucky Stiff | A Musical Comedy Presented by Warroad Summer Theatre,REGION 2 ARTS COUNCIL,posted,2026-07-28T07:51:07.861818,421
df06daf56db9e289,https://pg.linkedin.com/jobs/view/crusher-operator-4445428149,Crusher Operator,Jaw Crusher Power screening plants Operater job position.,posted,2026-07-28T07:51:17.296743,423
864f004603940a7a,https://pg.linkedin.com/jobs/view/lucky-stiff-a-musical-comedy-presented-by-warroad-summer-theatre-at-region-2-arts-council-4442379742,Lucky Stiff | A Musical Comedy Presented by Warroad Summer Theatre,REGION 2 ARTS COUNCIL,scraped,2026-07-28T07:51:21.067346,
28be1d2f95f60646,https://pg.linkedin.com/jobs/view/smp-coordinator-at-monadelphous-4446180201,SMP Coordinator,,scraped,2026-07-28T07:51:23.591387,
4489ff3efa30e5bf,https://pg.linkedin.com/jobs/view/occupazione-femminile-a-che-punto-siamo%3F-at-gis-gelati-s-p-a-4443265020,Occupazione femminile: a che punto siamo?,,scraped,2026-07-28T15:55:15.146368,
15a3a3f0a4ad3dd8,https://pg.linkedin.com/jobs/view/procurement-coordinator-mining-at-pt-talenta-eksekutif-asia-4445446185,Procurement Coordinator (Mining),PT Talenta Eksekutif Asia,posted,2026-07-28T15:55:32.100332,407
875df507486f914b,https://pg.linkedin.com/jobs/view/procurement-coordinator-mining-at-pt-talenta-eksekutif-asia-4445445276,Procurement Coordinator (Mining),PT Talenta Eksekutif Asia,posted,2026-07-28T15:55:36.704833,407
ec6ea236862e69f9,https://pg.linkedin.com/jobs/view/junior-finance-officer-at-talents-tide-4445479541,Junior Finance Officer,,scraped,2026-07-28T15:55:43.368840,
bf983a82e1ac8087,https://pg.linkedin.com/jobs/view/the-cover-of-life-at-region-2-arts-council-4442357929,The Cover of Life,REGION 2 ARTS COUNCIL,posted,2026-07-28T15:55:55.939394,425
281fc6fe7a709580,https://pg.linkedin.com/jobs/view/ict-technical-support-officer-kokopo-lae-at-ngip-agmark-ltd-4445464367,ICT Technical Support Officer - Kokopo & Lae,,scraped,2026-07-28T15:56:28.288238,
fad8ab5bf221231d,https://pg.linkedin.com/jobs/view/site-map-at-window-concepts-limited-4445670496,Site Map,Window Concepts Limited,posted,2026-07-28T15:57:18.109447,427
6e92139395a93efd,https://pg.linkedin.com/jobs/view/diamond-drilling-supervisor-mining-natural-resources-at-pt-talenta-eksekutif-asia-4445439366,Diamond Drilling Supervisor (Mining & Natural Resources),PT Talenta Eksekutif Asia,posted,2026-07-28T15:57:23.954945,150
767e608756a33609,https://pg.linkedin.com/jobs/view/diamond-drilling-supervisor-mining-natural-resources-at-pt-talenta-eksekutif-asia-4445434454,Diamond Drilling Supervisor (Mining & Natural Resources),PT Talenta Eksekutif Asia,posted,2026-07-28T15:57:28.550860,150
aad5433c9a6934d6,https://pg.linkedin.com/jobs/view/diamond-drilling-supervisor-mining-natural-resources-at-pt-talenta-eksekutif-asia-4445439365,Diamond Drilling Supervisor (Mining & Natural Resources),PT Talenta Eksekutif Asia,scraped,2026-07-28T15:57:32.292595,
49e359646939e072,https://pg.linkedin.com/jobs/view/farmax-spitmachines-at-chain-digital-4445658665,Farmax Spitmachines,,scraped,2026-07-28T15:57:42.656108,
0e8f403401083b9f,https://pg.linkedin.com/jobs/view/ds-polarizados-y-esmerilados-at-tuedificio-com-ar-4445627922,DS POLARIZADOS Y ESMERILADOS,,scraped,2026-07-28T20:37:40.975092,
4c30edcd581db73d,https://pg.linkedin.com/jobs/view/administrative-assistant-g-5-fixed-term-position-%2300052332-port-moresby-papua-n-guinea-apro-at-unicef-4446563038,"Administrative Assistant (G-5), Fixed Term Position, #00052332, Port Moresby, Papua N. Guinea, APRO",UNICEF,posted,2026-07-29T08:02:55.756887,429
1842f3bfdab4a61d,https://pg.linkedin.com/jobs/view/interview-prep-questions-guides-at-agasi-technologies-4445781292,Interview Prep (Questions & Guides),,scraped,2026-07-29T08:02:58.183429,
6162f4163b13cbc4,https://pg.linkedin.com/jobs/view/education-programme-consultants-port-moresby-papua-new-guinea-office-based-11-months-open-for-nationals-of-papua-new-guinea-only-req%23594779-at-unicef-bangladesh-4445741527,"Education Programme Consultants, Port Moresby, Papua New Guinea, Office Based, 11 Months (Open for Nationals of Papua New Guinea Only), Req#594779",,scraped,2026-07-29T08:03:12.625109,
68c69136fae65689,https://pg.linkedin.com/jobs/view/empathetic-gamer-at-joi-ai-4443650396,Empathetic Gamer,Joi AI,posted,2026-07-29T08:03:35.578365,431
25d94e9811b046bd,https://pg.linkedin.com/jobs/view/succession-planning-at-agasi-technologies-4445792222,Succession Planning,,scraped,2026-07-29T08:03:41.943259,
c8b013ccb5e846dd,https://pg.linkedin.com/jobs/view/bauzeichner-m-w-d-at-bau-dosch-gmbh-4443650386,Bauzeichner m|w|d,Bau-Dosch GmbH,posted,2026-07-29T08:04:23.252113,433
11216043441799ba,https://pg.linkedin.com/jobs/view/electrical-supervisor-at-monadelphous-4445672875,Electrical Supervisor,,scraped,2026-07-29T08:04:33.718188,
5d0fe1d00213d355,https://pg.linkedin.com/jobs/view/werkstudent-bauingenieur-b-eng-m-w-d-at-bau-dosch-gmbh-4443656324,Werkstudent/Bauingenieur B. Eng. (m|w|d),Bau-Dosch GmbH,posted,2026-07-29T08:05:15.105635,435
cf4e992456ba31a7,https://pg.linkedin.com/jobs/view/zimmerer-m-w-d-at-bau-dosch-gmbh-4443648443,Zimmerer m|w|d,Bau-Dosch GmbH,posted,2026-07-29T08:05:51.646405,437
a7662ad1e2dc8d4b,https://pg.linkedin.com/jobs/view/bauleiter-m-w-d-at-bau-dosch-gmbh-4443654299,Bauleiter m|w|d,Bau-Dosch GmbH,posted,2026-07-29T08:06:27.228800,439
d08a9f96010b6c62,https://pg.linkedin.com/jobs/view/programme-assistant-g-5-temporary-position-%2300138103-port-moresby-papua-new-guinea-apr-open-to-papua-new-guinea-nationals-at-unicef-chad-4443688348,"Programme Assistant, G-5, Temporary Position, #00138103, Port Moresby - Papua New Guinea, APR. (Open to Papua New Guinea Nationals)",Unicef CHAD,posted,2026-07-29T16:00:19.080485,441
629aa24a48e9a135,https://pg.linkedin.com/jobs/view/digital-technology-specialist-at-the-heineken-company-4446009651,Digital & Technology Specialist,The HEINEKEN Company,posted,2026-07-29T16:00:34.068829,443
05bd6e28bac04bc8,https://pg.linkedin.com/jobs/view/lab-analyst-at-the-heineken-company-4446023426,Lab Analyst,The HEINEKEN Company,posted,2026-07-29T16:00:50.304120,445
f9561924b12ad277,https://pg.linkedin.com/jobs/view/https-startup-do-de-branchenverzeichnis-dortmund-caspian-bau-at-startup-dortmund-4446550219,https://startup-do.de/branchenverzeichnis/dortmund/caspian-bau/,STARTUP-DORTMUND,posted,2026-07-29T16:00:59.508849,447
349ff257df599d55,https://pg.linkedin.com/jobs/view/education-officer-x3-at-world-vision-4446172545,Education Officer- X3,,scraped,2026-07-29T16:01:02.451791,
c1784311a3ce22be,https://pg.linkedin.com/jobs/view/diamond-driller-mining-natural-resources-at-pt-talenta-eksekutif-asia-4445439367,Diamond Driller (Mining & Natural Resources),PT Talenta Eksekutif Asia,posted,2026-07-29T16:01:11.354084,198
db3316934a08c4fa,https://pg.linkedin.com/jobs/view/quality-control-officer-at-bng-trading-4446025668,Quality Control Officer,BNG TRADING,posted,2026-07-29T16:01:28.409710,449
9c283e9558ac2d73,https://pg.linkedin.com/jobs/view/advisor-mechanical-at-newmont-corporation-4444885392,"Advisor, Mechanical",Newmont Corporation,posted,2026-07-29T16:01:39.188045,451
c82936e0eb7a6ef2,https://pg.linkedin.com/jobs/view/national-spatial-information-systems-specialist-at-fao-4443685814,National Spatial Information Systems Specialist,,scraped,2026-07-29T16:01:43.998639,
3d91990855d36d53,https://pg.linkedin.com/jobs/view/maurer-m-w-d-at-bau-dosch-gmbh-4443652357,Maurer m|w|d,,scraped,2026-07-29T20:17:21.815196,
ef2b4a373b175bb9,https://pg.linkedin.com/jobs/view/diamond-drilling-supervisor-mining-natural-resources-at-pt-talenta-eksekutif-asia-4446011209,Diamond Drilling Supervisor (Mining & Natural Resources),PT Talenta Eksekutif Asia,posted,2026-07-29T20:17:35.486578,150
776b837cd01d84de,https://pg.linkedin.com/jobs/view/diamond-drilling-supervisor-mining-natural-resources-at-pt-talenta-eksekutif-asia-4446021060,Diamond Drilling Supervisor (Mining & Natural Resources),PT Talenta Eksekutif Asia,scraped,2026-07-29T20:17:40.228010,
54757e8d41ab962c,https://pg.linkedin.com/jobs/view/diamond-drilling-supervisor-mining-natural-resources-at-pt-talenta-eksekutif-asia-4446016168,Diamond Drilling Supervisor (Mining & Natural Resources),PT Talenta Eksekutif Asia,scraped,2026-07-29T20:17:44.724410,
fd8d595af9d74d46,https://pg.linkedin.com/jobs/view/senior-health-safety-officer-at-st-barbara-limited-4442335617,Senior Health & Safety Officer,St Barbara Limited,posted,2026-07-29T20:17:59.756389,453
1d707ebe133d0946,https://pg.linkedin.com/jobs/view/community-affairs-manager-mining-natural-resources-at-pt-talenta-eksekutif-asia-4446007258,Community Affairs Manager (Mining & Natural Resources),PT Talenta Eksekutif Asia,posted,2026-07-29T20:18:07.302964,30
0682466fa1fa7b8e,https://pg.linkedin.com/jobs/view/community-affairs-manager-mining-natural-resources-at-pt-talenta-eksekutif-asia-4446008261,Community Affairs Manager (Mining & Natural Resources),PT Talenta Eksekutif Asia,scraped,2026-07-29T20:18:11.372934,
286155ba0d69ecdf,https://pg.linkedin.com/jobs/view/ios-developer-at-airalo-4446075220,iOS Developer,Airalo,posted,2026-07-29T20:18:26.612400,455
80194b24fcee82c6,https://pg.linkedin.com/jobs/view/port-moresby-international-school-at-guardians-of-earth-4444176732,Port Moresby International School,Guardians of Earth,posted,2026-07-30T07:42:14.361528,457
f036f78d43b77199,https://pg.linkedin.com/jobs/view/advertisement-and-tors-for-the-hiring-of-mis-erp-expert-at-phcip-pspa-deadline-august-23-2023-at-punjab-human-capital-investment-project-4446873544,"Advertisement and ToRs for the Hiring of MIS/ERP Expert at PHCIP-PSPA (Deadline: August 23, 2023)",,scraped,2026-07-30T07:42:18.957704,
a1565fe6d74ed64c,https://pg.linkedin.com/jobs/view/human-resources-superintendent-fifo-at-milum-services-ltd-4446473888,Human Resources Superintendent (FIFO),,scraped,2026-07-30T07:42:39.768695,
23e32bc018bf43f6,https://pg.linkedin.com/jobs/view/education-programme-consultants-port-moresby-papua-new-guinea-office-based-11-months-open-for-nationals-of-papua-new-guinea-only-req%23594779-at-unicef-chad-4443671793,"Education Programme Consultants, Port Moresby, Papua New Guinea, Office Based, 11 Months (Open for Nationals of Papua New Guinea Only), Req#594779",Unicef CHAD,posted,2026-07-30T07:43:03.610966,459
b250d4cb871a04e6,https://pg.linkedin.com/jobs/view/diamond-driller-mining-natural-resources-at-pt-talenta-eksekutif-asia-4445443364,Diamond Driller (Mining & Natural Resources),PT Talenta Eksekutif Asia,posted,2026-07-30T07:43:08.277948,198
0c82234aba2f0486,https://pg.linkedin.com/jobs/view/education-programme-consultants-port-moresby-papua-new-guinea-office-based-11-months-open-for-nationals-of-papua-new-guinea-only-req%23594779-at-unicef-4446341364,"Education Programme Consultants, Port Moresby, Papua New Guinea, Office Based, 11 Months (Open for Nationals of Papua New Guinea Only), Req#594779",UNICEF,posted,2026-07-30T07:43:17.230919,461
96b380224aaed0f5,https://pg.linkedin.com/jobs/view/https-startup-do-de-branchenverzeichnis-dortmund-gfw-bau-ges-at-startup-dortmund-4446552194,https://startup-do.de/branchenverzeichnis/dortmund/gfw-bau-ges/,STARTUP-DORTMUND,posted,2026-07-30T07:43:25.911734,463
54bde760c27ace61,https://pg.linkedin.com/jobs/view/diamond-driller-mining-natural-resources-at-pt-talenta-eksekutif-asia-4445436423,Diamond Driller (Mining & Natural Resources),PT Talenta Eksekutif Asia,scraped,2026-07-30T07:43:31.701112,
d5616e16294e2295,https://pg.linkedin.com/jobs/view/diamond-driller-mining-natural-resources-at-pt-talenta-eksekutif-asia-4445438408,Diamond Driller (Mining & Natural Resources),PT Talenta Eksekutif Asia,posted,2026-07-30T07:43:36.098486,198
6979724586d5e526,https://pg.linkedin.com/jobs/view/site-safety-manager-%E2%80%93-underground-mining-at-pt-talenta-eksekutif-asia-4445425519,Site Safety Manager – Underground Mining,PT Talenta Eksekutif Asia,posted,2026-07-30T07:43:40.977414,46
7d47427681bf29e7,https://pg.linkedin.com/jobs/view/provincial-project-coordinator-at-world-vision-4446460601,Provincial Project Coordinator,,scraped,2026-07-30T07:43:43.342036,
710c9b0ee3a74da1,https://pg.linkedin.com/jobs/view/community-affairs-manager-mining-natural-resources-at-pt-talenta-eksekutif-asia-4445431422,Community Affairs Manager (Mining & Natural Resources),PT Talenta Eksekutif Asia,posted,2026-07-30T07:43:51.523365,30
0874cf0ce4148e0f,https://pg.linkedin.com/jobs/view/community-affairs-manager-mining-natural-resources-at-pt-talenta-eksekutif-asia-4446003761,Community Affairs Manager (Mining & Natural Resources),PT Talenta Eksekutif Asia,posted,2026-07-30T07:44:02.387369,30
498d89ef96228b9f,https://pg.linkedin.com/jobs/view/papua-new-guinea-maintenance-technician-daru-at-the-church-of-jesus-christ-of-latter-day-saints-4444198840,Papua New Guinea: Maintenance Technician - Daru,The Church of Jesus Christ of Latter-day Saints,posted,2026-07-30T07:44:12.717506,465
b59eaa04e3721c3f,https://pg.linkedin.com/jobs/view/expressions-of-interest-%E2%80%93-program-roles-at-world-vision-4446462544,Expressions of Interest – Program Roles,,scraped,2026-07-30T07:44:15.376648,
ec74173c19fb8a4d,https://pg.linkedin.com/jobs/view/manager-asset-management-fixed-plant-at-newmont-corporation-4444528806,"Manager, Asset Management, Fixed Plant",Newmont Corporation,posted,2026-07-30T07:44:43.579753,467
81c74a70e6a12a95,https://pg.linkedin.com/jobs/view/leitung-m-w-d-k-veranstaltungs-und-ausstellungstechnik-at-dthg-4446496070,Leitung (m/w/d/k) Veranstaltungs- und Ausstellungstechnik,,scraped,2026-07-30T07:44:46.151328,
f92ebd4af48e12a2,https://pg.linkedin.com/jobs/view/rigger-dogman-at-newmont-corporation-4421066947,Rigger/Dogman,Newmont Corporation,posted,2026-07-30T07:45:01.172593,469
38eae061168a793c,https://pg.linkedin.com/jobs/view/consultant-development-of-the-national-strategic-plan-for-viral-hepatitis-papua-new-guinea-at-world-health-organization-4445922902,"Consultant - Development of the National Strategic Plan for Viral Hepatitis, Papua New Guinea",,scraped,2026-07-30T07:45:03.867831,
0dbae2bfb618b3da,https://pg.linkedin.com/jobs/view/sui-community-at-dacade-4444569624,Sui Community,,scraped,2026-07-30T13:19:31.295324,
cd6a63eb12b61c41,https://pg.linkedin.com/jobs/view/rigger-at-st-barbara-limited-4445008342,Rigger,St Barbara Limited,posted,2026-07-30T13:19:52.371816,471
dd789e4855cfa747,https://pg.linkedin.com/jobs/view/guided-malaga-top-15-tour-with-tapas-at-orangefox-tours-bikes-4446002547,Guided Malaga Top 15 tour with tapas,OrangeFox Tours&Bikes,posted,2026-07-30T13:20:25.927764,473
db4db2398fc20bd5,https://pg.linkedin.com/jobs/view/maschinenf%C3%BChrer-m-w-d-at-bau-dosch-gmbh-4443651391,Maschinenführer m|w|d,,scraped,2026-07-30T13:20:28.451151,
e3bbe5e196155c89,https://pg.linkedin.com/jobs/view/production-drill-trainers-at-brunel-4443674464,Production Drill Trainers,,scraped,2026-07-30T13:20:49.819183,
ea94909fc2c6dc9f,https://pg.linkedin.com/jobs/view/crane-supervisor-at-st-barbara-limited-4444594613,Crane Supervisor,St Barbara Limited,posted,2026-07-30T13:21:08.060277,475
1be54b2983c3c648,https://pg.linkedin.com/jobs/view/systems-manager-infrastructure-compliance-at-easy-skill-4446454474,Systems Manager - Infrastructure & Compliance,,scraped,2026-07-30T13:21:10.683367,
5e58a496dddf2d6b,https://pg.linkedin.com/jobs/view/advisor-people-training-trade-trainer-electrical-at-newmont-corporation-4444888353,"Advisor People, Training (Trade Trainer, Electrical)",Newmont Corporation,posted,2026-07-30T13:21:23.862271,477
16ded8f57da1e4d0,https://pg.linkedin.com/jobs/view/coordinator-mobile-maintenance-ug-at-k92-mining-inc-4446720371,Coordinator - Mobile Maintenance UG,,scraped,2026-07-30T13:21:34.437208,
036f5b7384ab857a,https://pg.linkedin.com/jobs/view/business-development-manager-at-coca-cola-europacific-partners-4444113887,Business Development Manager,Coca-Cola Europacific Partners,posted,2026-07-30T19:00:08.916432,479
ee158a74edfc9e75,https://pg.linkedin.com/jobs/view/administrative-assistant-g-5-fixed-term-position-%2300052332-port-moresby-papua-n-guinea-apro-at-unicef-chad-4443692311,"Administrative Assistant (G-5), Fixed Term Position, #00052332, Port Moresby, Papua N. Guinea, APRO",Unicef CHAD,posted,2026-07-30T19:00:28.117439,481
7d210fc8d0923a35,https://pg.linkedin.com/jobs/view/programme-assistant-g-5-temporary-position-%2300138103-port-moresby-papua-new-guinea-apr-open-to-papua-new-guinea-nationals-at-unicef-4446548427,"Programme Assistant, G-5, Temporary Position, #00138103, Port Moresby - Papua New Guinea, APR. (Open to Papua New Guinea Nationals)",UNICEF,posted,2026-07-30T19:00:41.091598,483
38c30652d7419da5,https://pg.linkedin.com/jobs/view/commercial-operational-excellence-specialist-at-astro-energy-a-e-4444673987,Commercial Operational Excellence Specialist,ASTRO ENERGY (A-E),posted,2026-07-30T19:00:59.163471,485
6521eb2f89d76450,https://pg.linkedin.com/jobs/view/head-of-marine-operations-expat-at-global-talent-search-4447004033,Head of Marine Operations - Expat,,scraped,2026-07-30T19:01:27.688685,
8911796449061d84,https://pg.linkedin.com/jobs/view/community-affairs-officer-%E2%80%93-fixed-term-6-months-at-frieda-river-limited-4446705228,Community Affairs Officer – Fixed Term (6 Months),,scraped,2026-07-30T19:01:38.132618,
8a0c654b0e65369b,https://pg.linkedin.com/jobs/view/papua-new-guinea-daru-mission-home-attendant-at-the-church-of-jesus-christ-of-latter-day-saints-4444515302,Papua New Guinea: Daru Mission Home Attendant,The Church of Jesus Christ of Latter-day Saints,posted,2026-07-30T19:01:51.491248,487
35617873b86b54cd,https://pg.linkedin.com/jobs/view/research-assistant-volunteer-at-papua-new-guinea-applied-ai-research-society-png-airs-4446725395,Research Assistant(Volunteer),Papua New Guinea Applied AI Research Society (PNG-AIRS),posted,2026-07-30T19:02:02.771290,489
84afcc65d2c1d365,https://pg.linkedin.com/jobs/view/social-environmental-gender-engineer-at-korea-engineering-consultants-corp-kecc-4446469205,Social Environmental Gender Engineer,,scraped,2026-07-30T19:02:05.460953,
af21e606916d00d9,https://pg.linkedin.com/jobs/view/fablab-hanoi-tuy%E1%BB%83n-t%C3%ACnh-nguy%E1%BB%87n-vi%C3%AAn-nhi%E1%BB%81u-v%E1%BB%8B-tr%C3%AD-at-c%C3%BAc-cu-australia-pr-pathway-h%E1%BB%8Dc-b%E1%BB%95ng-t%E1%BA%A1i-%C3%BAc-4447021911,Fablab Hanoi tuyển tình nguyện viên nhiều vị trí,"Cúc Cu Australia - PR Pathway, Học Bổng tại Úc",posted,2026-07-30T19:02:20.279396,491
40176cec242f5ff9,https://pg.linkedin.com/jobs/view/northern-light-opera-company-theater-production-at-region-2-arts-council-4442364811,Northern Light Opera Company Theater Production,REGION 2 ARTS COUNCIL,posted,2026-07-30T19:02:33.636508,493
7d599a86af8a8c82,https://pg.linkedin.com/jobs/view/kaufmann-frau-f%C3%BCr-b%C3%BCromanagement-m-w-d-at-bau-dosch-gmbh-4443663092,Kaufmann/Frau für Büromanagement m|w|d,,scraped,2026-07-30T19:03:02.299255,
101c8941f21f980f,https://pg.linkedin.com/jobs/view/architekt-m-w-d-at-bau-dosch-gmbh-4443659198,Architekt m|w|d,,scraped,2026-07-30T19:03:11.903544,
846dba992c8fefc8,https://pg.linkedin.com/jobs/view/vorpraktikum-f%C3%BCr-ein-studium-m-w-d-at-bau-dosch-gmbh-4443660166,Vorpraktikum für ein Studium m|w|d,,scraped,2026-07-30T19:03:27.219135,
155255c7e8d544ad,https://pg.linkedin.com/jobs/view/national-administrative-assistant-at-fao-4445004782,National Administrative Assistant,,scraped,2026-07-30T23:37:21.633270,
c8b1ba52f23fae74,https://pg.linkedin.com/jobs/view/https-startup-do-de-branchenverzeichnis-dortmund-viko-bau-gmbh-at-startup-dortmund-4446557085,https://startup-do.de/branchenverzeichnis/dortmund/viko-bau-gmbh/,STARTUP-DORTMUND,posted,2026-07-30T23:37:47.714973,495
61dc900831937f52,https://pg.linkedin.com/jobs/view/community-affairs-manager-mining-natural-resources-at-pt-talenta-eksekutif-asia-4445440398,Community Affairs Manager (Mining & Natural Resources),PT Talenta Eksekutif Asia,posted,2026-07-30T23:37:52.092212,30
d5751a5721074966,https://pg.linkedin.com/jobs/view/substitute-transportation-student-attendant-%232026-87-at-national-city-chamber-of-commerce-nccc-4445059096,SUBSTITUTE TRANSPORTATION STUDENT ATTENDANT #2026-87,National City Chamber of Commerce NCCC,posted,2026-07-30T23:38:12.537274,497
71b014b63b9b368f,https://pg.linkedin.com/jobs/view/https-startup-do-de-branchenverzeichnis-dortmund-one-bau-consulting-gmbh-at-startup-dortmund-4446560031,https://startup-do.de/branchenverzeichnis/dortmund/one-bau-consulting-gmbh/,STARTUP-DORTMUND,posted,2026-07-30T23:38:58.604598,499
035530e168bc2aa2,https://pg.linkedin.com/jobs/view/substitute-teacher-%232026-91-at-national-city-chamber-of-commerce-nccc-4445051116,SUBSTITUTE TEACHER #2026-91,National City Chamber of Commerce NCCC,posted,2026-07-30T23:39:08.793653,501
5fdd3aa9222cc8e7,https://pg.linkedin.com/jobs/view/https-startup-do-de-branchenverzeichnis-dortmund-wbv-bau-gmbh-at-startup-dortmund-4446557086,https://startup-do.de/branchenverzeichnis/dortmund/wbv-bau-gmbh/,STARTUP-DORTMUND,posted,2026-07-30T23:39:16.849356,503
cc618acb5ee403b2,https://pg.linkedin.com/jobs/view/https-startup-do-de-branchenverzeichnis-dortmund-bau-prisma-plan-ing-gmbh-at-startup-dortmund-4446556120,https://startup-do.de/branchenverzeichnis/dortmund/bau-prisma-plan-ing-gmbh/,STARTUP-DORTMUND,posted,2026-07-30T23:39:25.352861,505
b075f06e2f36a2c8,https://pg.linkedin.com/jobs/view/substitute-preschool-teacher-%232026-93-at-national-city-chamber-of-commerce-nccc-4445055125,SUBSTITUTE PRESCHOOL TEACHER #2026-93,National City Chamber of Commerce NCCC,posted,2026-07-30T23:39:33.876039,507
93fe97d80a4dd7d7,https://pg.linkedin.com/jobs/view/customs-broker-at-hi-lift-company-4446931551,Customs Broker,,scraped,2026-07-31T10:04:57.083487,
b68d93c939dbcf7b,https://pg.linkedin.com/jobs/view/porgera-specialist-%E2%80%93-hr-information-systems-at-barrick-mining-corporation-4446964984,Porgera | Specialist – HR Information Systems,,scraped,2026-07-31T10:05:11.673535,
f1ce32e5f522e178,https://pg.linkedin.com/jobs/view/kontakta-oss-at-fastighets%C3%A4garna-mittnord-ab-4446439243,Kontakta oss,,scraped,2026-07-31T10:05:19.676511,
f48deb90142c1d4f,https://pg.linkedin.com/jobs/view/salesperson-4446960145,Salesperson,Niugini Money Market Ltd,posted,2026-07-31T10:05:50.903478,509
64f7e05e9d8deb98,https://pg.linkedin.com/jobs/view/eia-superintendent-at-easy-skill-4446981625,EIA Superintendent,,scraped,2026-07-31T10:05:55.437641,
2e18ca9471faf2f2,https://pg.linkedin.com/jobs/view/financial-controller-at-applus%2B-pacific-4447224280,Financial Controller,,scraped,2026-07-31T10:06:08.000653,
c06d2ca8a4edac1c,https://pg.linkedin.com/jobs/view/mechanical-supervisor-at-ineos-styrolution-4444849084,Mechanical Supervisor,,scraped,2026-07-31T10:06:26.020395,
53794a92515ac8f6,https://pg.linkedin.com/jobs/view/elektroniker-m-w-d-f%C3%BCr-energie-und-geb%C3%A4udetechnik-at-rkh-akademie-4446914922,Elektroniker (m/w/d) für Energie- und Gebäudetechnik,,scraped,2026-07-31T10:06:36.918780,
6c548f4e59718484,https://pg.linkedin.com/jobs/view/anlagenmechaniker-m-w-d-heizungs-l%C3%BCftungs-sanit%C3%A4rtechnik-hls-at-rkh-akademie-4446921761,"Anlagenmechaniker (m/w/d) Heizungs-, Lüftungs-, Sanitärtechnik (HLS)",,scraped,2026-07-31T10:06:47.456002,
88185d0b2b771145,https://pg.linkedin.com/jobs/view/commercial-manager-%E2%80%93-mining-marine-at-astro-energy-a-e-4444833050,Commercial Manager – Mining & Marine,ASTRO ENERGY (A-E),posted,2026-07-31T10:06:58.068073,308
6fad8c627c627b42,https://pg.linkedin.com/jobs/view/supervisor-waste-management-at-barrick-mining-corporation-4446054894,Supervisor - Waste Management,,scraped,2026-07-31T10:07:10.448389,
5f58c9fa3f5508cf,https://pg.linkedin.com/jobs/view/engineer-piping-at-newmont-corporation-4445723742,"Engineer, Piping",Newmont Corporation,posted,2026-07-31T10:07:23.823011,511
458da38bb292790a,https://pg.linkedin.com/jobs/view/community-affairs-manager-mining-natural-resources-at-pt-talenta-eksekutif-asia-4446954562,Community Affairs Manager (Mining & Natural Resources),PT Talenta Eksekutif Asia,posted,2026-07-31T10:07:28.764456,30
147f04f390ccd8e2,https://pg.linkedin.com/jobs/view/engineer-structural-at-newmont-corporation-4446989367,"Engineer, Structural",Newmont Corporation,posted,2026-07-31T10:07:41.147170,513
4d4362f4b238ab54,https://pg.linkedin.com/jobs/view/maintenance-superintendent-at-easy-skill-4446991061,Maintenance Superintendent,,scraped,2026-07-31T10:07:43.752481,
33d776dce18fb8ef,https://pg.linkedin.com/jobs/view/kienhuis-wintersport-at-chain-digital-4445661591,Kienhuis Wintersport,,scraped,2026-07-31T10:07:49.967821,
70bf2525186ba73f,https://pg.linkedin.com/jobs/view/advisor-people-training-high-risk-at-newmont-corporation-4444875451,Advisor People Training (High Risk),Newmont Corporation,posted,2026-07-31T10:08:02.490928,515
2f76fbf50479f238,https://pg.linkedin.com/jobs/view/diamond-driller-mining-natural-resources-at-pt-talenta-eksekutif-asia-4446971276,Diamond Driller (Mining & Natural Resources),PT Talenta Eksekutif Asia,posted,2026-07-31T10:08:07.274254,198
3eb3f4090d669382,https://pg.linkedin.com/jobs/view/head-of-mining-operations-gold-mine-at-pt-talenta-eksekutif-asia-4446954552,Head of Mining Operations (Gold Mine),PT Talenta Eksekutif Asia,posted,2026-07-31T10:08:12.214849,228
784454bcbc0930d8,https://pg.linkedin.com/jobs/view/head-of-mining-operations-gold-mine-at-pt-talenta-eksekutif-asia-4446955587,Head of Mining Operations (Gold Mine),PT Talenta Eksekutif Asia,posted,2026-07-31T10:08:20.808960,228
1406b0e1836bc9b7,https://pg.linkedin.com/jobs/view/head-of-mining-operations-gold-mine-at-pt-talenta-eksekutif-asia-4446966368,Head of Mining Operations (Gold Mine),PT Talenta Eksekutif Asia,posted,2026-07-31T10:08:27.394439,228
e5acbcfeb229202b,https://pg.linkedin.com/jobs/view/substitute-instructional-assistant-health-care-%232026-97-at-national-city-chamber-of-commerce-nccc-4445047132,SUBSTITUTE INSTRUCTIONAL ASSISTANT HEALTH CARE #2026-97,National City Chamber of Commerce NCCC,posted,2026-07-31T17:13:46.737911,517
3333aaad75fd4072,https://pg.linkedin.com/jobs/view/community-affairs-manager-mining-natural-resources-at-pt-talenta-eksekutif-asia-4446008262,Community Affairs Manager (Mining & Natural Resources),PT Talenta Eksekutif Asia,posted,2026-07-31T17:13:59.128355,30
c32c2972187c4e81,https://pg.linkedin.com/jobs/view/senior-project-sales-executive%0A-1-at-isi-steel-4442806529,"Senior Project Sales Executive
            ( 1 )",,scraped,2026-07-31T17:14:03.545985,
f7e3a574ddf2641a,https://pg.linkedin.com/jobs/view/leadership-program-manager-at-digicel-pacific-4446526244,Leadership Program Manager,,scraped,2026-07-31T17:14:11.677292,
c9f1eafab33f7356,https://pg.linkedin.com/jobs/view/process-technologist-pom-at-the-heineken-company-4446786734,Process Technologist_Pom,The HEINEKEN Company,posted,2026-07-31T17:14:29.924931,519
7e5161db6a469d0d,https://pg.linkedin.com/jobs/view/community-affairs-manager-mining-natural-resources-at-pt-talenta-eksekutif-asia-4446951673,Community Affairs Manager (Mining & Natural Resources),PT Talenta Eksekutif Asia,posted,2026-07-31T17:14:42.694982,30
ec664ef6629217f3,https://pg.linkedin.com/jobs/view/head-of-site-infrastructure-services-mining-natural-resources-at-pt-talenta-eksekutif-asia-4444502585,Head of Site Infrastructure & Services (Mining & Natural Resources),PT Talenta Eksekutif Asia,posted,2026-07-31T17:14:49.738827,210
08a5ff2276a583cc,https://pg.linkedin.com/jobs/view/community-affairs-manager-mining-natural-resources-at-pt-talenta-eksekutif-asia-4446960421,Community Affairs Manager (Mining & Natural Resources),PT Talenta Eksekutif Asia,scraped,2026-07-31T17:14:55.552807,
260edc0a8dce8f3f,https://pg.linkedin.com/jobs/view/ui-ux%E3%83%87%E3%82%B6%E3%82%A4%E3%83%8A%E3%83%BC-at-%E6%A0%AA%E5%BC%8F%E4%BC%9A%E7%A4%BEamica-4447259415,UI/UXデザイナー,,scraped,2026-07-31T17:15:01.868022,
754c03b2a5b73c2a,https://pg.linkedin.com/jobs/view/safeguards-coordinator-bougainville-at-dt-global-4444198827,Safeguards Coordinator Bougainville,DT Global,posted,2026-07-31T17:15:40.973829,521
be87f5833ac2aa10,https://pg.linkedin.com/jobs/view/ai-engineer-at-tni-tech-4445644834,AI Engineer,,scraped,2026-07-31T21:48:23.427369,
d77eb26f6a656375,https://pg.linkedin.com/jobs/view/community-affairs-manager-mining-natural-resources-at-pt-talenta-eksekutif-asia-4446014200,Community Affairs Manager (Mining & Natural Resources),PT Talenta Eksekutif Asia,posted,2026-07-31T21:48:56.923100,30
2d91133d4de4c2e7,https://pg.linkedin.com/jobs/view/community-affairs-manager-mining-natural-resources-at-pt-talenta-eksekutif-asia-4446961430,Community Affairs Manager (Mining & Natural Resources),PT Talenta Eksekutif Asia,posted,2026-07-31T21:49:03.375328,30
eeba45735319eebb,https://pg.linkedin.com/jobs/view/infrastructure-project-manager-at-dt-global-4444553353,Infrastructure Project Manager,DT Global,posted,2026-07-31T21:49:12.814565,523
8abcef7f229372d5,https://pg.linkedin.com/jobs/view/detailansicht-job3-%E2%80%93-spar-%2B-bau-at-wilhelmshavener-spar-und-baugesellschaft-eg-4446955775,Detailansicht - Job3 – SPAR + BAU,,scraped,2026-07-31T21:49:31.363222,
9d1c6b1f6c9fd459,https://pg.linkedin.com/jobs/view/papua-new-guinea-welfare-self-reliance-manager-lae-at-the-church-of-jesus-christ-of-latter-day-saints-4447185617,Papua New Guinea: Welfare & Self-Reliance Manager (Lae),The Church of Jesus Christ of Latter-day Saints,posted,2026-07-31T21:49:46.186880,525
7de2478e553c7fb6,https://pg.linkedin.com/jobs/view/associate-director-financial-institutions-at-anz-4444572089,"Associate Director, Financial Institutions",,scraped,2026-07-31T21:49:50.852909,
34093aa4cafa7195,https://pg.linkedin.com/jobs/view/what-is-the-i-institute%3F-at-the-i-institute-4445525575,What is The I Institute?,The I Institute,posted,2026-08-01T07:26:41.581360,527
629df9b8e87978aa,https://pg.linkedin.com/jobs/view/dhc-6-twin-otter-b1-b2-lame-at-nexer-digital-4447426314,DHC-6 Twin Otter B1 B2 LAME,,scraped,2026-08-01T07:27:20.122033,
faa42f81ce481ef5,https://pg.linkedin.com/jobs/view/occupational-health-safety-environment-training-manager-fifo-at-milum-services-ltd-4446175597,"Occupational Health, Safety, Environment & Training Manager (FIFO)",,scraped,2026-08-01T07:27:26.502677,
827ce8119e4d88da,https://pg.linkedin.com/jobs/view/%D1%81%D0%BF%D0%B5%D1%86%D0%B8%D0%B0%D0%BB%D0%B8%D1%81%D1%82-%D0%BE%D0%B1%D1%81%D0%BB%D1%83%D0%B6%D0%B2%D0%B0%D0%BD%D0%B5-%D0%BD%D0%B0-%D0%BA%D0%BB%D0%B8%D0%B5%D0%BD%D1%82%D0%B8-%D0%B2-%D1%81%D0%B5%D1%80%D0%B2%D0%B8%D0%B7%D0%B5%D0%BD-%D1%86%D0%B5%D0%BD%D1%82%D1%8A%D1%80-4447712341,Специалист обслужване на клиенти в сервизен център,Kaderabotim.bg,failed|wp_post_failed,2026-08-01T07:27:48.279589,
d139b2f283c4b169,https://pg.linkedin.com/jobs/view/procurement-and-logistics-associate-at-united-nations-population-fund-unfpa-4446979745,Procurement and Logistics Associate,United Nations Population Fund (UNFPA),posted,2026-08-01T07:28:10.646418,529
30a4f36999f1a05e,https://pg.linkedin.com/jobs/view/partner-growth-enablement-executive-relocation-to-indonesia-at-odoo-4446999863,Partner Growth & Enablement Executive (Relocation to Indonesia),,scraped,2026-08-01T07:28:13.185344,
88630ada51a6412c,https://pg.linkedin.com/jobs/view/engineer-maintenance-at-newmont-corporation-4446993261,"Engineer, Maintenance",Newmont Corporation,posted,2026-08-01T07:28:49.967162,531
8526245ce7d6444b,https://pg.linkedin.com/jobs/view/head-of-site-infrastructure-services-mining-natural-resources-at-pt-talenta-eksekutif-asia-4444506517,Head of Site Infrastructure & Services (Mining & Natural Resources),PT Talenta Eksekutif Asia,posted,2026-08-01T07:29:06.335369,210
a3894e25f3f38f17,https://pg.linkedin.com/jobs/view/%23137-road-to-ifat-2026-betrieb-und-investitionen-auf-kl%C3%A4ranlagen-at-abwassertalk-wastewatertalk-4447152628,#137 - Road to IFAT 2026 - Betrieb und Investitionen auf Kläranlagen,,scraped,2026-08-01T07:29:26.807455,
6df9360da46534ce,https://pg.linkedin.com/jobs/view/community-affairs-manager-mining-natural-resources-at-pt-talenta-eksekutif-asia-4447425387,Community Affairs Manager (Mining & Natural Resources),PT Talenta Eksekutif Asia,posted,2026-08-01T11:51:00.203262,30
464dca2bec7f25bd,https://pg.linkedin.com/jobs/view/head-of-site-infrastructure-services-mining-natural-resources-at-pt-talenta-eksekutif-asia-4446958459,Head of Site Infrastructure & Services (Mining & Natural Resources),PT Talenta Eksekutif Asia,posted,2026-08-01T11:51:10.793463,210
f1544ec037208723,https://pg.linkedin.com/jobs/view/diamond-drilling-supervisor-mining-natural-resources-at-pt-talenta-eksekutif-asia-4447433174,Diamond Drilling Supervisor (Mining & Natural Resources),PT Talenta Eksekutif Asia,posted,2026-08-01T11:51:15.734216,150
7bf3d9e3a7c9c386,https://pg.linkedin.com/jobs/view/diamond-drilling-supervisor-mining-natural-resources-at-pt-talenta-eksekutif-asia-4447430235,Diamond Drilling Supervisor (Mining & Natural Resources),PT Talenta Eksekutif Asia,posted,2026-08-01T11:51:20.240292,150
4b448d293fc60652,https://pg.linkedin.com/jobs/view/personnel-compensation-manager-at-steamships-shipping-4445558536,Personnel & Compensation Manager,,scraped,2026-08-01T11:51:22.776832,
93268865757ae44a,https://pg.linkedin.com/jobs/view/customs-brokerage-manager-at-steamships-shipping-4445551536,Customs Brokerage Manager,,scraped,2026-08-01T11:51:49.515651,
536ad869c6ad5e6b,https://pg.linkedin.com/jobs/view/mechanical-superintendent-at-easy-skill-4446989371,Mechanical Superintendent,,scraped,2026-08-01T11:52:01.095898,
0a29f78e755d703d,https://pg.linkedin.com/jobs/view/map-engenharia-e-constru%C3%A7%C3%A3o-at-villas-a-map-group-company-4445670307,MAP Engenharia e Construção,,scraped,2026-08-01T11:52:15.497503,
de3ef4d9a847b2c7,https://pg.linkedin.com/jobs/view/chief-executive-officer-financial-services-at-global-talent-search-4447260574,Chief Executive Officer - Financial Services,,scraped,2026-08-01T15:44:03.003797,
2b7188e48481c0ad,https://pg.linkedin.com/jobs/view/ai-research-assistant-volunteer-at-papua-new-guinea-applied-ai-research-society-png-airs-4447480122,AI Research Assistant(Volunteer),Papua New Guinea Applied AI Research Society (PNG-AIRS),posted,2026-08-01T15:44:25.012821,533
5f8b63357c2f9bdb,https://pg.linkedin.com/jobs/view/head-of-site-infrastructure-services-mining-natural-resources-at-pt-talenta-eksekutif-asia-4446966361,Head of Site Infrastructure & Services (Mining & Natural Resources),PT Talenta Eksekutif Asia,posted,2026-08-01T15:45:05.530284,210
adc2ac2e81d2f690,https://pg.linkedin.com/jobs/view/head-of-site-infrastructure-services-mining-natural-resources-at-pt-talenta-eksekutif-asia-4446956492,Head of Site Infrastructure & Services (Mining & Natural Resources),PT Talenta Eksekutif Asia,scraped,2026-08-01T15:45:09.278938,
f0fed6d02e2cf80c,https://pg.linkedin.com/jobs/view/diamond-driller-mining-natural-resources-at-pt-talenta-eksekutif-asia-4446952654,Diamond Driller (Mining & Natural Resources),PT Talenta Eksekutif Asia,posted,2026-08-01T15:45:17.833161,198
200c9158100017df,https://pg.linkedin.com/jobs/view/chief-operating-officer-financial-services-at-global-talent-search-4447259798,Chief Operating Officer - Financial Services,,scraped,2026-08-01T15:45:20.432653,
873a3a53a3d2077a,https://pg.linkedin.com/jobs/view/porgera-technician-underground-ventilations-at-barrick-mining-corporation-4447469262,Porgera | Technician - Underground Ventilations,,scraped,2026-08-01T15:45:34.292279,
6e967897177d6eed,https://pg.linkedin.com/jobs/view/quality-control-coordinator-at-paradise-company-ltd-4447857602,Quality Control Coordinator,,scraped,2026-08-02T07:44:39.887024,
aaf47fb6dd4afa36,https://pg.linkedin.com/jobs/view/supervisor-engineering-maintenance-at-newmont-corporation-4446979484,"Supervisor, Engineering Maintenance",Newmont Corporation,posted,2026-08-02T07:44:59.820058,535
f026c9a52b27d74d,https://pg.linkedin.com/jobs/view/diamond-drilling-supervisor-mining-natural-resources-at-pt-talenta-eksekutif-asia-4447422864,Diamond Drilling Supervisor (Mining & Natural Resources),PT Talenta Eksekutif Asia,posted,2026-08-02T07:45:06.402717,150
d7f3e99951504b75,https://pg.linkedin.com/jobs/view/diamond-drilling-supervisor-mining-natural-resources-at-pt-talenta-eksekutif-asia-4447422856,Diamond Drilling Supervisor (Mining & Natural Resources),PT Talenta Eksekutif Asia,posted,2026-08-02T07:45:14.968405,150
a6257db7b9be8257,https://pg.linkedin.com/jobs/view/diamond-drilling-supervisor-mining-natural-resources-at-pt-talenta-eksekutif-asia-4445148078,Diamond Drilling Supervisor (Mining & Natural Resources),PT Talenta Eksekutif Asia,scraped,2026-08-02T07:45:58.747033,
25efe6cd00164467,https://pg.linkedin.com/jobs/view/site-map-at-fishcreek-elementary-school-4447630576,Site Map,Fishcreek Elementary School,posted,2026-08-02T11:46:05.974607,427
b723d2d15cf005cb,https://pg.linkedin.com/jobs/view/logistics-officer-pie-program-at-abt-global-australia-4445094142,Logistics Officer | PIE Program,,scraped,2026-08-02T11:46:12.320272,
f877c13505f4b814,https://pg.linkedin.com/jobs/view/senior-surveyor-at-k92-mining-inc-4445829704,Senior Surveyor,,scraped,2026-08-02T11:46:48.917463,
3882d0bf40365fad,https://pg.linkedin.com/jobs/view/porgera-officer-administration-mobile-administration-at-barrick-mining-corporation-4447466324,Porgera | Officer - Administration - Mobile Administration,,scraped,2026-08-02T11:47:36.160507,
d6d4e9d02fd72c9d,https://pg.linkedin.com/jobs/view/head-of-mining-operations-gold-mine-at-pt-talenta-eksekutif-asia-4447627399,Head of Mining Operations (Gold Mine),PT Talenta Eksekutif Asia,posted,2026-08-02T11:47:44.880662,228
c3df7d90a7f464aa,https://pg.linkedin.com/jobs/view/head-of-mining-operations-gold-mine-at-pt-talenta-eksekutif-asia-4447646038,Head of Mining Operations (Gold Mine),PT Talenta Eksekutif Asia,posted,2026-08-02T11:47:49.746255,228
6255b71ccbadfeea,https://pg.linkedin.com/jobs/view/divine-apprehension-caustic-fog-the-western-obliteration-tour-with-mudcrab-lacerator-at-the-starlite-room-4445852053,DIVINE APPREHENSION & CAUSTIC FOG 'The Western Obliteration Tour' with MUDCRAB & LACERATOR,The Starlite Room,posted,2026-08-02T11:47:59.486133,537
839c9a97d3e89b1d,https://pg.linkedin.com/jobs/view/sui-southern-gas-company-limited-jobs-2026-ssgc-apply-online-for-engineers-managers-at-vulearning-jobs-4443223626,Sui Southern Gas Company Limited Jobs 2026 SSGC Apply Online for Engineers & Managers,VULEARNING Jobs,posted,2026-08-02T20:16:43.654336,539
3fa9f21b76db3d9f,https://pg.linkedin.com/jobs/view/diamond-drilling-supervisor-mining-natural-resources-at-pt-talenta-eksekutif-asia-4447427311,Diamond Drilling Supervisor (Mining & Natural Resources),PT Talenta Eksekutif Asia,posted,2026-08-02T20:16:56.427329,150
7d2cf00ff69b70e3,https://pg.linkedin.com/jobs/view/press-brake-operator-mavrik-marine-inc-la-conner-wa-at-nw-center-of-excellence-for-marine-manufacturing-technology-4447671001,"Press Brake Operator - Mavrik Marine Inc, La Conner, WA",NW Center of Excellence for Marine Manufacturing & Technology,posted,2026-08-02T20:17:16.535424,541
0a418a7dc2a4d206,https://pg.linkedin.com/jobs/view/technician-mechanical-at-newmont-corporation-4446995250,"Technician, Mechanical",Newmont Corporation,posted,2026-08-02T20:17:21.541728,48
9ce5b9131b277fe7,https://pg.linkedin.com/jobs/view/head-of-mining-operations-gold-mine-at-pt-talenta-eksekutif-asia-4447646045,Head of Mining Operations (Gold Mine),PT Talenta Eksekutif Asia,posted,2026-08-02T22:53:19.984562,228
793911ac637cdef6,https://pg.linkedin.com/jobs/view/site-hr-administration-officer-australian-mining-at-pt-talenta-eksekutif-asia-4447629371,Site HR & Administration Officer (Australian Mining),PT Talenta Eksekutif Asia,posted,2026-08-03T02:13:53.490816,86
676911f26fffeab6,https://pg.linkedin.com/jobs/view/workshop-supervisor-at-executiveplacements-com-4447629558,Workshop Supervisor,,scraped,2026-08-03T02:14:12.126148,
1d16a7992882c0dc,https://pg.linkedin.com/jobs/view/administrative-assistant-at-tecq-business-solutions-4447665405,Administrative Assistant,TECQ BUSINESS SOLUTIONS,posted,2026-08-03T02:14:25.929599,543
43f80490e90d2b65,https://pg.linkedin.com/jobs/view/field-operations-lead-arabian-gulf-at-quartermaster-4447404028,Field Operations Lead - Arabian Gulf,Quartermaster,posted,2026-08-03T02:15:32.892614,545
c662570c9a139917,https://pg.linkedin.com/jobs/view/qaqc-coordinator-at-monadelphous-4448114998,QAQC Coordinator,,scraped,2026-08-03T02:15:43.370048,
c673eb112d7132db,https://pg.linkedin.com/jobs/view/vaccination-status-knowledge-levels-and-influencing-factors-among-hemodialysis-patients-a-study-from-istanbul-at-turkish-journal-of-nephrology-4447870433,"Vaccination Status, Knowledge Levels, and Influencing Factors Among Hemodialysis Patients: A Study from Istanbul",,scraped,2026-08-03T02:15:53.294133,
1daf91b374aa2d9c,https://pg.linkedin.com/jobs/view/driver-at-world-health-organization-4448127632,Driver,,scraped,2026-08-03T06:55:39.735104,
e7dbf3e6a0701c25,https://pg.linkedin.com/jobs/view/project-manager-at-tetra-tech-4448134269,Project Manager,Tetra Tech,posted,2026-08-03T06:56:10.781309,547
2b43728b9b32b8ff,https://pg.linkedin.com/jobs/view/engineering-geologist-4447683788,Engineering Geologist,ACEM Geotechniques,posted,2026-08-03T06:56:57.538895,549
3d7ac705381fd836,https://pg.linkedin.com/jobs/view/site-hr-administration-officer-australian-mining-at-pt-talenta-eksekutif-asia-4447674619,Site HR & Administration Officer (Australian Mining),PT Talenta Eksekutif Asia,posted,2026-08-03T06:57:12.320274,86
e4aebfaa013ad8f9,https://pg.linkedin.com/jobs/view/site-hr-administration-officer-australian-mining-at-pt-talenta-eksekutif-asia-4447693123,Site HR & Administration Officer (Australian Mining),PT Talenta Eksekutif Asia,scraped,2026-08-03T06:57:16.311227,
b867e08c25015cda,https://pg.linkedin.com/jobs/view/site-hr-administration-officer-australian-mining-at-pt-talenta-eksekutif-asia-4447695084,Site HR & Administration Officer (Australian Mining),PT Talenta Eksekutif Asia,scraped,2026-08-03T06:57:20.566169,
d922881b9f8ec395,https://pg.linkedin.com/jobs/view/marine-mechanic-and-small-craft-skipper-at-applus%2B-pacific-4448128307,Marine Mechanic and Small Craft Skipper,,scraped,2026-08-03T06:57:40.922934,
81fe71e73d9de460,https://pg.linkedin.com/jobs/view/site-hr-administration-officer-australian-mining-at-pt-talenta-eksekutif-asia-4447677510,Site HR & Administration Officer (Australian Mining),PT Talenta Eksekutif Asia,posted,2026-08-03T11:18:32.627481,86
ac6ef16a2f43050c,https://pg.linkedin.com/jobs/view/regional-sales-manager-kokopo-papua-new-guinea-at-a1-recruitment-4447697718,"Regional Sales Manager - Kokopo, Papua New Guinea",,scraped,2026-08-03T11:18:57.028997,
6cdcf32a89e823d6,https://pg.linkedin.com/jobs/view/head-of-site-infrastructure-services-mining-natural-resources-at-pt-talenta-eksekutif-asia-4447692126,Head of Site Infrastructure & Services (Mining & Natural Resources),PT Talenta Eksekutif Asia,posted,2026-08-03T11:19:42.343970,210
46116f4b42d07b4f,https://pg.linkedin.com/jobs/view/head-of-site-infrastructure-services-mining-natural-resources-at-pt-talenta-eksekutif-asia-4447686209,Head of Site Infrastructure & Services (Mining & Natural Resources),PT Talenta Eksekutif Asia,posted,2026-08-03T11:19:47.090668,210
a00308a93357b886,https://pg.linkedin.com/jobs/view/senior-e-i-supervisor-at-monadelphous-4448123757,Senior E&I Supervisor,,scraped,2026-08-03T11:20:23.449625,
293c6a679ed391e7,https://pg.linkedin.com/jobs/view/general-manager-ship-management-marine-operations-at-the-growth-collective-4447985578,"General Manager, Ship Management Marine Operations",The Growth Collective,posted,2026-08-03T14:28:05.297226,551
0a3ab70c7eec137c,https://pg.linkedin.com/jobs/view/diamond-driller-mining-natural-resources-at-pt-talenta-eksekutif-asia-4447686224,Diamond Driller (Mining & Natural Resources),PT Talenta Eksekutif Asia,posted,2026-08-03T14:28:31.887721,198
b86684dca168f176,https://pg.linkedin.com/jobs/view/head-of-site-infrastructure-services-mining-natural-resources-at-pt-talenta-eksekutif-asia-4447674620,Head of Site Infrastructure & Services (Mining & Natural Resources),PT Talenta Eksekutif Asia,posted,2026-08-03T14:29:10.570913,210
b0406f7cad4322ce,https://pg.linkedin.com/jobs/view/head-of-site-infrastructure-services-mining-natural-resources-at-pt-talenta-eksekutif-asia-4447685256,Head of Site Infrastructure & Services (Mining & Natural Resources),PT Talenta Eksekutif Asia,scraped,2026-08-03T14:29:14.720451,
b7e478c61b2a0a47,https://pg.linkedin.com/jobs/view/general-manager-commercial-at-lightspeed-pacific-4447855148,General Manager Commercial,,scraped,2026-08-03T17:47:45.925619,
24d0001bbdd8a559,https://pg.linkedin.com/jobs/view/cad-operator-4447951499,Cad Operator,Survey Image Solutions,posted,2026-08-03T17:48:00.589469,553
352225db7ef1c84e,https://pg.linkedin.com/jobs/view/general-manager-mro-department-at-private-airline-4445864930,General Manager - MRO department,Private Airline,posted,2026-08-03T19:25:43.695451,555
ee9a8638b780e5a6,https://pg.linkedin.com/jobs/view/marine-welder-fabricator-mavrik-marine-inc-la-conner-wa-at-nw-center-of-excellence-for-marine-manufacturing-technology-4447660207,"Marine Welder/ Fabricator  - Mavrik Marine Inc., La Conner, WA",NW Center of Excellence for Marine Manufacturing & Technology,posted,2026-08-03T21:00:14.441333,557
888b943937f937ec,https://pg.linkedin.com/jobs/view/finance-accounting-coordinator-at-world-vision-4448145438,Finance & Accounting Coordinator,,scraped,2026-08-03T21:00:30.752257,
20fc2256c2da4be7,https://pg.linkedin.com/jobs/view/african-export-import-bank-afreximbank-internship-2026-at-opportunityforworld-org-4448254188,African Export-Import Bank (Afreximbank) Internship 2026,opportunityforworld.org,posted,2026-08-04T02:00:45.983339,559
b58977000740908a,https://pg.linkedin.com/jobs/view/geomatiker-in-efz-lehrstelle-2027-at-schutz-intervention-winterthur-4448250570,Geomatiker:in EFZ (Lehrstelle 2027),Schutz & Intervention Winterthur,posted,2026-08-04T02:02:09.936268,561
c573fc59a4ddf14b,https://pg.linkedin.com/jobs/view/projektleiter-in-verkehrsplanung-mobilit%C3%A4t-60-100%25-at-schutz-intervention-winterthur-4448254206,Projektleiter:in Verkehrsplanung / Mobilität (60 - 100%),Schutz & Intervention Winterthur,posted,2026-08-04T05:20:37.812972,563
a07e3c5a2c54479e,https://pg.linkedin.com/jobs/view/compliance-officer-at-nasfund-4446266843,Compliance Officer,,scraped,2026-08-04T05:21:04.543522,
1dee23e61e3a17bd,https://pg.linkedin.com/jobs/view/head-of-site-infrastructure-services-mining-natural-resources-at-pt-talenta-eksekutif-asia-4446278695,Head of Site Infrastructure & Services (Mining & Natural Resources),PT Talenta Eksekutif Asia,posted,2026-08-04T05:21:28.591712,210
c844e0fdbbdb520f,https://pg.linkedin.com/jobs/view/head-of-site-infrastructure-services-mining-natural-resources-at-pt-talenta-eksekutif-asia-4446266836,Head of Site Infrastructure & Services (Mining & Natural Resources),PT Talenta Eksekutif Asia,posted,2026-08-04T05:21:33.472259,210
d2feb0c5ed61b15d,https://pg.linkedin.com/jobs/view/diamond-driller-mining-natural-resources-at-pt-talenta-eksekutif-asia-4446273748,Diamond Driller (Mining & Natural Resources),PT Talenta Eksekutif Asia,posted,2026-08-04T05:21:46.693223,198
1cb7b92e03fb5b2a,https://pg.linkedin.com/jobs/view/diamond-driller-mining-natural-resources-at-pt-talenta-eksekutif-asia-4446265823,Diamond Driller (Mining & Natural Resources),PT Talenta Eksekutif Asia,scraped,2026-08-04T05:21:50.821492,
32bacc3a555c238a,https://pg.linkedin.com/jobs/view/diamond-driller-mining-natural-resources-at-pt-talenta-eksekutif-asia-4446270828,Diamond Driller (Mining & Natural Resources),PT Talenta Eksekutif Asia,posted,2026-08-04T05:21:57.477673,198
4bc01481f4c38b9e,https://pg.linkedin.com/jobs/view/videographer-and-graphic-design-at-dt-global-4446286068,Videographer and Graphic Design,DT Global,posted,2026-08-04T05:22:07.815825,565
772742ab635b0404,https://pg.linkedin.com/jobs/view/engineer-reliability-operational-readiness-at-newmont-corporation-4446977580,"Engineer Reliability, Operational Readiness",Newmont Corporation,posted,2026-08-04T08:30:38.384391,567
c13611ac6ede3dfc,https://pg.linkedin.com/jobs/view/site-safety-manager-%E2%80%93-underground-mining-at-pt-talenta-eksekutif-asia-4446265820,Site Safety Manager – Underground Mining,PT Talenta Eksekutif Asia,posted,2026-08-04T12:02:13.884877,46
fe18dec0b2621c87,https://pg.linkedin.com/jobs/view/diamond-driller-mining-natural-resources-at-pt-talenta-eksekutif-asia-4446262921,Diamond Driller (Mining & Natural Resources),PT Talenta Eksekutif Asia,posted,2026-08-04T12:02:24.709215,198
1c97b4c26fd9511e,https://pg.linkedin.com/jobs/view/porgera-geologist-resource-development-at-barrick-mining-corporation-4448815462,Porgera | Geologist - Resource Development,,scraped,2026-08-04T12:02:35.110180,
eeed5a8d39fdcbe6,https://pg.linkedin.com/jobs/view/comercial-servicio-postventa-at-atlas-copco-4448293233,Comercial servicio postventa,,scraped,2026-08-04T14:32:16.550594,
f13c83a78651a5f8,https://pg.linkedin.com/jobs/view/diamond-driller-mining-natural-resources-at-pt-talenta-eksekutif-asia-4446275719,Diamond Driller (Mining & Natural Resources),PT Talenta Eksekutif Asia,posted,2026-08-04T14:33:36.890692,198
2e68af9952874ff1,https://pg.linkedin.com/jobs/view/welcome-host-captain-at-hilton-4448142334,Welcome Host Captain,Hilton,posted,2026-08-04T17:41:14.868908,569
ff08f81ba1151dcb,https://pg.linkedin.com/jobs/view/senior-merl-manager-at-dt-global-4446278788,Senior MERL Manager,DT Global,posted,2026-08-04T17:42:58.574997,571
dc979f1000dc077b,https://pg.linkedin.com/jobs/view/site-safety-manager-%E2%80%93-underground-mining-at-pt-talenta-eksekutif-asia-4446264834,Site Safety Manager – Underground Mining,PT Talenta Eksekutif Asia,posted,2026-08-04T22:59:38.299004,46
16d5b20c10f574ef,https://pg.linkedin.com/jobs/view/enterprise-context-in-confident-decisions-out-at-agentic-alchemists-4449077935,Enterprise context in. Confident decisions out.,Agentic Alchemists,posted,2026-08-05T01:59:00.599242,573
13ada5844f7ac7cf,https://pg.linkedin.com/jobs/view/job-credit-analyst-at-png-facts-4449427170,Job: Credit Analyst,,scraped,2026-08-05T01:59:15.155867,
83b94251d62b9e22,https://pg.linkedin.com/jobs/view/growth-strategy-at-adelante-digital-4446689637,Growth strategy,Adelante Digital,posted,2026-08-05T01:59:46.560484,575
8e86d2f599f1684e,https://pg.linkedin.com/jobs/view/information-technology-specialist-at-ngf-limited-4448264447,Information Technology Specialist,,scraped,2026-08-05T01:59:53.144160,
34af29375d41e155,https://pg.linkedin.com/jobs/view/electrical-specialist-4448928090,Electrical Specialist,Png Electro comission,posted,2026-08-05T02:00:48.454634,577
ff63081e63bc21f2,https://pg.linkedin.com/jobs/view/wharf-construction-supervisor-at-easy-skill-4448597742,Wharf Construction Supervisor,,scraped,2026-08-05T02:00:51.040595,
e4e6164e64850666,https://pg.linkedin.com/jobs/view/thank-you-for-your-connection-conversation-at-converting-conversation-4449035715,Thank you for your connection & conversation.,Converting.Conversation.,posted,2026-08-05T05:17:23.981406,579
2d17f0d61e4eb291,https://pg.linkedin.com/jobs/view/resident-manager-at-steamships-shipping-4445553504,Resident Manager,,scraped,2026-08-05T05:17:34.590120,
01861755e8b3044a,https://pg.linkedin.com/jobs/view/ict-coordinator-png-at-dt-global-4448912820,ICT Coordinator PNG,DT Global,posted,2026-08-05T05:18:55.447358,581
1d88df6bdb413ea0,https://pg.linkedin.com/jobs/view/environment-health-and-safety-and-quality-hseq-manager-at-easy-skill-4448954425,"Environment, Health and Safety and Quality (HSEQ) Manager",,scraped,2026-08-05T05:19:04.085231,
aa34886250c49d22,https://pg.linkedin.com/jobs/view/senior-maintenance-planner-at-k92-mining-inc-4448942460,Senior Maintenance Planner,,scraped,2026-08-05T05:19:12.965096,
4ff18a335dc114e3,https://pg.linkedin.com/jobs/view/project-engineer-at-astro-energy-a-e-4448985019,Project Engineer,ASTRO ENERGY (A-E),posted,2026-08-05T08:27:58.347471,252
393990a668cab10a,https://pg.linkedin.com/jobs/view/conductor-en-malaga-at-flotacar-4447353618,Conductor en Malaga,FLOTACAR,posted,2026-08-05T08:28:35.277622,583
b9cc967ef504f26c,https://pg.linkedin.com/jobs/view/counter-sales-staff-at-daikin-png-4448961307,counter Sales Staff,,scraped,2026-08-05T08:29:01.848268,
a27990e63752e872,https://pg.linkedin.com/jobs/view/head-of-site-infrastructure-services-mining-natural-resources-at-pt-talenta-eksekutif-asia-4446278692,Head of Site Infrastructure & Services (Mining & Natural Resources),PT Talenta Eksekutif Asia,posted,2026-08-05T08:29:39.440749,210
f649086e1d76ce4e,https://pg.linkedin.com/jobs/view/campaign-manager-at-dt-global-4446264925,Campaign Manager,DT Global,posted,2026-08-05T08:30:11.809573,585
344bef33badcf6d3,https://pg.linkedin.com/jobs/view/incredible-at-zedek-ai-4449480269,Incredible,,scraped,2026-08-05T11:55:03.387173,
5e33bddf12cc33c9,https://pg.linkedin.com/jobs/view/pomocn%C3%A1-sila-do-kuchyne-at-hotel-sun-senec-4448973883,Pomocná sila do kuchyne,,scraped,2026-08-05T11:55:48.383121,
e7d53231980cd10b,https://pg.linkedin.com/jobs/view/https-restaurantsmalta-com-restaurant-ta-tona-at-restaurantsmalta-4449459599,https://restaurantsmalta.com/restaurant/ta-tona/,,scraped,2026-08-05T11:56:04.685336,
af9b5536f66120fb,https://pg.linkedin.com/jobs/view/business-developer-custom-software-ksa-gulf-at-arkedia-development-4448111227,"Business Developer, Custom Software (KSA & Gulf)",Arkedia Development,posted,2026-08-05T11:56:29.633420,587
aa2257e2da0a3269,https://pg.linkedin.com/jobs/view/captador-de-negocios-part-time-at-invierte-traspasos-y-franquicias-4448950183,Captador de Negocios (Part-Time),,scraped,2026-08-05T11:56:34.242952,
24338bedee23a3ee,https://pg.linkedin.com/jobs/view/technician-electrical-ug-at-k92-mining-inc-4448927663,Technician - Electrical (UG),,scraped,2026-08-05T11:56:51.603218,
62e8b80b9cbcd5e0,https://pg.linkedin.com/jobs/view/gentoo-at-zedek-ai-4449468987,Gentoo,,scraped,2026-08-05T13:55:04.515932,
70b44bdd93bf1d8a,https://pg.linkedin.com/jobs/view/adstore-officer-at-the-heineken-company-4448994413,Adstore Officer,The HEINEKEN Company,posted,2026-08-05T13:55:31.953530,589
d89edd06737396cc,https://pg.linkedin.com/jobs/view/sausi-augalai-at-geliu-sala-4449629358,SAUSI AUGALAI,,scraped,2026-08-05T13:55:34.697866,
a5c4820c7dccc622,https://pg.linkedin.com/jobs/view/production-coordinator-at-paradise-company-ltd-4449631312,Production Coordinator,,scraped,2026-08-05T13:55:59.536526,
4e740f1d5a187dc6,https://pg.linkedin.com/jobs/view/kea-tzia-luksuzna-kamena-ku%C4%87a-na-dvije-eta%C5%BEe-s-bazenom-i-panoramskim-pogledom-na-egejsko-more-at-domitech-real-estate-4449495003,Kea (Tzia) | Luksuzna kamena kuća na dvije etaže s bazenom i panoramskim pogledom na Egejsko more,,scraped,2026-08-05T13:56:16.183272,
6846a440a2aacd4c,https://pg.linkedin.com/jobs/view/supervisor-4448922715,Supervisor,Tininga Limited,posted,2026-08-05T13:56:37.955829,591
2f3bb74917b726c9,https://pg.linkedin.com/jobs/view/body-ml-moro-ma%C3%ADz-ck-at-little-bird-tienda-multimarca-4449492939,Body ML moro maíz CK,Little Bird - tienda multimarca,posted,2026-08-05T13:56:47.641299,593
35266ebf8b723956,https://pg.linkedin.com/jobs/view/job-with-png-air-legal-administration-manager-company-secretary-at-png-facts-4449623034,JOB with PNG AIR : LEGAL ADMINISTRATION MANAGER & COMPANY SECRETARY,,scraped,2026-08-05T13:57:04.173310,
0a6b10e8cfa48c54,https://pg.linkedin.com/jobs/view/papua-new-guinea-welfare-self-reliance-manager-lae-at-a-igreja-de-jesus-cristo-dos-santos-dos-%C3%BAltimos-dias-4448931583,Papua New Guinea: Welfare & Self-Reliance Manager (Lae),,scraped,2026-08-05T13:57:10.531701,
b4165eee45499224,https://pg.linkedin.com/jobs/view/anxiety-monster-instant-calm-at-wildframe-4449101564,Anxiety Monster: Instant Calm,Wildframe,posted,2026-08-05T13:57:30.440673,595
e7a5de387765b7bb,https://pg.linkedin.com/jobs/view/several-job-vacancies-hebou-construction-png-limited-at-png-facts-4449625066,Several Job Vacancies Hebou Construction (PNG) Limited,,scraped,2026-08-05T15:59:56.778731,
d8de2cc3b73b2efe,https://pg.linkedin.com/jobs/view/financial-management-specialist-at-asian-development-bank-adb-4449633499,Financial Management Specialist,Asian Development Bank (ADB),posted,2026-08-05T16:00:41.601949,597
e5b53fc2b9265546,https://pg.linkedin.com/jobs/view/body-ml-moro-gris-ck-at-little-bird-tienda-multimarca-4449491963,Body ML moro gris CK,Little Bird - tienda multimarca,posted,2026-08-05T16:00:59.964758,599
818a637a3dcfc564,https://pg.linkedin.com/jobs/view/papua-new-guinea-maintenance-technician-daru-at-a-igreja-de-jesus-cristo-dos-santos-dos-%C3%BAltimos-dias-4448938457,Papua New Guinea: Maintenance Technician - Daru,,scraped,2026-08-05T16:01:18.539378,
8d59d48349371146,https://pg.linkedin.com/jobs/view/how-mena-can-lead-on-corsia-collaboration-before-compliance-at-skiesfifty-4449118081,How MENA can lead on CORSIA: collaboration before compliance,SkiesFifty,posted,2026-08-05T16:02:10.293257,601
f90c6e414561b8b6,https://pg.linkedin.com/jobs/view/k-5-day-to-day-substitute-teacher-at-dubois-central-catholic-high-school-4447374985,K-5 Day to Day Substitute Teacher,DuBois Central Catholic High School,posted,2026-08-05T16:02:21.407410,603
4fcc7abfeaa7de8d,https://pg.linkedin.com/jobs/view/counselling-at-austin-overseas-educational-consultancy-4449635343,Counselling,,scraped,2026-08-05T17:45:51.542391,
de34d01ed74d4837,https://pg.linkedin.com/jobs/view/accountmanager-binnendienst-at-j-kersten-b-v-4449404735,Accountmanager Binnendienst,J. Kersten B.V.,posted,2026-08-05T17:46:10.567185,605
16de0f4c6cf470f2,https://pg.linkedin.com/jobs/view/government-services-png-warehouse-associate-inbound-outbound-at-international-sos-4449480264,"Government Services PNG, Warehouse Associate, (Inbound/Outbound)",,scraped,2026-08-05T17:46:37.258356,
33c1bf85385be0b2,https://pg.linkedin.com/jobs/view/kon%C2%ADka%C2%ADrit-%E2%80%93-ik%C3%A4ih%C2%ADmis%C2%ADten-museo%C2%ADpal%C2%ADve%C2%ADlu%C2%ADja-at-tampereen-kaupungin-hankintapalvelut-4449471977,Kon­ka­rit – ikäih­mis­ten museo­pal­ve­lu­ja,,scraped,2026-08-05T19:22:57.423979,
b9be7e41145b8016,https://pg.linkedin.com/jobs/view/voices-of-soul-a-powerhouse-vocal-product-of-soulful-perfection-at-east-west-sounds-4449455676,Voices of Soul - A powerhouse vocal product of soulful perfection,East West Sounds,posted,2026-08-05T21:03:28.894149,607
748013d81f01bdd8,https://pg.linkedin.com/jobs/view/human-resource-officer-wcs-png-at-wcs-in-papua-new-guinea-4449448950,HUMAN RESOURCE OFFICER - WCS PNG,WCS in Papua New Guinea,posted,2026-08-05T21:03:37.502916,317
79f4d7fa9a3b0beb,https://pg.linkedin.com/jobs/view/advisor-people-training-asset-management-mobile-at-newmont-corporation-4447375279,"Advisor People, Training (Asset Management Mobile)",Newmont Corporation,posted,2026-08-05T21:04:03.577254,609
25386203eed4454b,https://pg.linkedin.com/jobs/view/coordinator-of-student-health-services-%232026-14-at-national-city-chamber-of-commerce-nccc-4445067040,COORDINATOR OF STUDENT HEALTH SERVICES #2026-14,National City Chamber of Commerce NCCC,posted,2026-08-05T21:04:22.407277,611
14c7f4df3aaf2b4e,https://pg.linkedin.com/jobs/view/pre-casamento-carol-e-ricardo-pico-do-olho-dagua%0Aensaios%0A2756-0-at-rsalles-image-consept-4449160381,"Pre Casamento Carol e Ricardo Pico do Olho Dagua
ENSAIOS
2756 0",RSALLES Image consept,posted,2026-08-05T21:04:37.602950,613
6ad3637a757a066b,https://pg.linkedin.com/jobs/view/grundskoll%C3%A4rare-f-3-f%C3%B6r-hela-skoldagen-tiundaskolan-at-uppsala-slottshistoriska-4449651328,Grundskollärare F-3 för hela skoldagen - Tiundaskolan,Uppsala Slottshistoriska,posted,2026-08-05T21:05:10.771002,614
092eec82b186a087,https://pg.linkedin.com/jobs/view/lp-embodied-practice-room-sessions-at-live-particle-4449666501,LP Embodied Practice Room Sessions,,scraped,2026-08-05T21:05:19.429452,
15a927438f32e430,https://pg.linkedin.com/jobs/view/assistant-to-general-manager-%E2%80%93-government-community-relations-4448973834,Assistant to General Manager – Government & Community Relations,Overseas United(Singapore) Pte Ltd,posted,2026-08-05T22:55:11.076568,616
33734bfe220d0ad5,https://pg.linkedin.com/jobs/view/se-necesita-veterinario-generalista-y-supervisado-en-puertollano-at-organizaci%C3%B3n-colegial-veterinaria-4449917358,SE NECESITA VETERINARIO GENERALISTA Y SUPERVISADO EN PUERTOLLANO,,scraped,2026-08-05T22:55:51.649658,
4d39684ce4af3ec5,https://pg.linkedin.com/jobs/view/street-art-fest-2026-open-call-at-surface-gallery-4449955307,STREET ART FEST 2026 OPEN CALL,,scraped,2026-08-06T02:04:11.187391,
80ca244be4647f0b,https://pg.linkedin.com/jobs/view/regional-business-banking-advisor-multi-lingual-at-kina-bank-4449994107,Regional Business Banking Advisor (Multi-lingual),,scraped,2026-08-06T06:26:20.664967,
ca0af5b4ba8cc899,https://pg.linkedin.com/jobs/view/project-manager-at-kina-bank-4450208088,Project Manager,,scraped,2026-08-06T06:26:32.587629,
af1f3110790214ee,https://pg.linkedin.com/jobs/view/surfres-2026-call-for-submissions-at-surface-gallery-4449956299,SURFRES 2026 CALL FOR SUBMISSIONS,,scraped,2026-08-06T06:27:26.255411,
3788790e96b592cb,https://pg.linkedin.com/jobs/view/executive-assistant-at-dt-global-4449967354,Executive Assistant,DT Global,posted,2026-08-06T06:27:46.016917,618
ab2dddd6f5f74064,https://pg.linkedin.com/jobs/view/sme-business-banking-manager-at-kina-bank-4449987680,SME Business Banking Manager,,scraped,2026-08-06T06:27:48.565680,
127bae54581c7aa9,https://pg.linkedin.com/jobs/view/officer-nurse-medical-and-health-at-barrick-mining-corporation-4449367560,Officer - Nurse - Medical and Health,,scraped,2026-08-06T06:28:21.900105,
4a99bac265d3709a,https://pg.linkedin.com/jobs/view/human-resources-manager-at-chm-group-4450222070,Human Resources Manager,,scraped,2026-08-06T10:34:50.169796,
0072ddd7b08ecbb6,https://pg.linkedin.com/jobs/view/merl-coordinator-at-tetra-tech-4450218310,MERL Coordinator,Tetra Tech,posted,2026-08-06T10:35:13.685775,620
3edb2b76d3c91ca4,https://pg.linkedin.com/jobs/view/security-operation-supervisor-at-absolute-protection-security-service-4449348223,Security Operation Supervisor,Absolute Protection Security Service,posted,2026-08-06T10:35:39.781725,622
8d1998af441fd43c,https://pg.linkedin.com/jobs/view/gotham%0Ax%0Abrooklyn%0Apickleball%0Ateam%0Aroad%0Ato%0Aminors%0Amay%0Atournament%0Aseries-at-baseline-partners-dot-net-4449471434,"Gotham
x
Brooklyn
Pickleball
Team
Road
to
Minors
May
Tournament
Series",Baseline Partners Dot Net,posted,2026-08-06T10:36:09.328893,624
490d3c05591833eb,https://pg.linkedin.com/jobs/view/travel-manager-path-at-abt-global-4448400847,Travel Manager | PATH,Abt Global,posted,2026-08-06T13:53:21.228254,626
7410fc2a74d3333e,https://pg.linkedin.com/jobs/view/small-grants-programme-national-coordinator-open-to-internal-and-external-applicants-at-undp-careers-4450245998,Small Grants Programme National Coordinator [Open to internal and external applicants],UNDP Careers,posted,2026-08-06T13:53:38.399650,628
d305746afca8654e,https://pg.linkedin.com/jobs/view/gotham%0Ax%0Abrooklyn%0Apickleball%0Ateam%0Aroad%0Ato%0Aminors%0Amarch%0Atournament%0Aseries-at-baseline-partners-dot-net-4449460810,"Gotham
x
Brooklyn
Pickleball
Team
Road
to
Minors
March
Tournament
Series",Baseline Partners Dot Net,posted,2026-08-06T13:54:20.063056,630
877f33e5255efd0d,https://pg.linkedin.com/jobs/view/operator-cranes-at-newmont-corporation-4449378547,Operator - Cranes,Newmont Corporation,posted,2026-08-06T13:54:44.421184,632
06c158fc3f9c86e1,https://pg.linkedin.com/jobs/view/medical-officer-npl-mine-medical-clinic-at-barrick-mining-corporation-4449368529,Medical Officer - NPL Mine Medical Clinic,,scraped,2026-08-06T13:54:46.834791,
ff630c3fc69d3c0d,https://pg.linkedin.com/jobs/view/cane-pazzo-at-tastesignal-ai-4449640784,Cane Pazzo,TasteSignal.ai,posted,2026-08-06T23:54:37.908082,634
308f043feebbf477,https://pg.linkedin.com/jobs/view/contact-at-yantrix-solutions-4450293129,Contact,,scraped,2026-08-06T23:54:42.590608,
bf4598da6c41378f,https://pg.linkedin.com/jobs/view/project-manager-and-other-mining-construction-roles-at-hbs-png-ltd-4448481137,Project Manager and other Mining / Construction roles,,scraped,2026-08-06T23:55:06.928185,
328812851f58c7b8,https://pg.linkedin.com/jobs/view/talent-fate-and-marionettes-at-books-by-dr-jason-karp-4450263816,"Talent, Fate, and Marionettes",Books by Dr. Jason Karp,posted,2026-08-06T23:55:39.287882,636
36decce87367d97b,https://pg.linkedin.com/jobs/view/pre-casamento-carol-e-ricardo-pico-do-olho-dagua%0Aensaios%0A2759-0-at-rsalles-image-consept-4449160381,"Pre Casamento Carol e Ricardo Pico do Olho Dagua
ENSAIOS
2759 0",RSALLES Image consept,posted,2026-08-06T23:56:06.565429,638
a4f302ab19da337e,https://pg.linkedin.com/jobs/view/freelance-network-field-engineer-at-itarmi-4448415161,Freelance Network Field Engineer,,scraped,2026-08-06T23:56:27.026478,
bc0b50423f1d07da,https://pg.linkedin.com/jobs/view/technician-driller-at-newmont-corporation-4449744523,"Technician, Driller",Newmont Corporation,posted,2026-08-06T23:56:55.428192,640
0fdf856835f0430c,https://pg.linkedin.com/jobs/view/security-operations-officer-open-to-internal-and-external-applicants-at-undp-careers-4448495402,Security Operations Officer [Open to Internal and External applicants],UNDP Careers,posted,2026-08-07T02:24:03.116984,642
dfb8c04dde115c77,https://pg.linkedin.com/jobs/view/several-job-positions-at-divine-word-university-png-apply-now-at-png-facts-4450661843,Several Job Positions at Divine Word University PNG : APPLY Now,,scraped,2026-08-07T02:24:25.625009,
03018bcf49558228,https://pg.linkedin.com/jobs/view/human-resources-manager-4450008599,Human Resources Manager,Engaged Media,posted,2026-08-07T02:25:00.074210,644
ea511362b9425649,https://pg.linkedin.com/jobs/view/%C2%BFel-cuerpo-nacional-veterinario-se-te-hace-bola-pero-quieres-ser-funcionario-del-estado%3F-at-organizaci%C3%B3n-colegial-veterinaria-4450227584,"¿EL CUERPO NACIONAL VETERINARIO SE TE HACE BOLA, PERO QUIERES SER FUNCIONARIO DEL ESTADO?",,scraped,2026-08-07T02:25:08.759004,
5b518eac236a82a3,https://pg.linkedin.com/jobs/view/apartament-2%2B1-n%C3%AB-shitje-%E2%80%93-marea-resort-qerret-at-bella-vista-real-estate-4447383888,"APARTAMENT 2+1 NË SHITJE – MAREA RESORT, QERRET",Bella Vista Real Estate,posted,2026-08-07T02:25:32.451114,646
fc0b23ed62773040,https://pg.linkedin.com/jobs/view/group-accountant-at-chm-group-4450015697,Group Accountant,,scraped,2026-08-07T02:26:01.014548,
b39f418818f03c62,https://pg.linkedin.com/jobs/view/security-operations-officer-open-to-internal-and-external-applicants-at-undp-papua-new-guinea-4448700725,Security Operations Officer [Open to Internal and External applicants],UNDP Papua New Guinea,posted,2026-08-07T05:36:04.643016,642
32dfb1b3a1bf02eb,https://pg.linkedin.com/jobs/view/enterprise-business-development-manager-at-niupay-4450052268,Enterprise Business Development Manager,,scraped,2026-08-07T05:36:33.221584,
4be450402940288d,https://pg.linkedin.com/jobs/view/scholarship-strategy-lead-%E2%80%93-strongim-wok-long-tvet-at-palladium-make-it-possible-4448720315,Scholarship Strategy Lead – Strongim Wok Long TVET,Palladium: Make It Possible,posted,2026-08-07T05:37:18.626444,648
af5632b139d0352b,https://pg.linkedin.com/jobs/view/mixologo-a-tulum-extranjero-at-preferente-com-4448706731,Mixologo/a - Tulum (Extranjero),,scraped,2026-08-07T05:37:29.252035,
1750b8616f967e96,https://pg.linkedin.com/jobs/view/job-with-png-air-legal-administration-manager-company-secretary-at-png-facts-4450259098,JOB with PNG AIR : LEGAL ADMINISTRATION MANAGER & COMPANY SECRETARY,,scraped,2026-08-07T05:37:49.046983,
cb666ebfd53af7c7,https://pg.linkedin.com/jobs/view/law-and-justice-leadership-advisor-at-dt-global-4449985165,Law and Justice Leadership Advisor,DT Global,posted,2026-08-07T05:38:02.459318,650
b914fe766ae4d646,https://pg.linkedin.com/jobs/view/crane-operator-crane-truck-operator-4449381090,Crane Operator / Crane Truck Operator,Samuel Talim,posted,2026-08-07T07:07:18.366073,652
0449fc5ed6849a6d,https://pg.linkedin.com/jobs/view/associate-4449363393,Associate,Hengambu Landowners Association Inc.,posted,2026-08-07T07:07:27.786291,654
1ada565783b64363,https://pg.linkedin.com/jobs/view/senior-therapist-at-pbl-magazine-4449684492,Senior Therapist,,scraped,2026-08-07T07:07:38.499332,
6d68f6daf2f482c5,https://pg.linkedin.com/jobs/view/graphic-designer-at-express-prints-limited-4449734440,Graphic Designer,Express Prints Limited,posted,2026-08-07T07:08:10.833847,656
a537438ab46a3d30,https://pg.linkedin.com/jobs/view/porgera-technician-geotech-underground-at-barrick-mining-corporation-4450061440,Porgera | Technician - Geotech Underground,,scraped,2026-08-07T07:08:37.286670,
5dac85a09af7259e,https://pg.linkedin.com/jobs/view/inventory-manager-at-chm-group-4450679921,Inventory Manager,,scraped,2026-08-07T08:53:14.349669,
17aee05a033ec17b,https://pg.linkedin.com/jobs/view/%E4%BA%8B%E5%8B%99%E7%A4%BE%E5%93%A1%EF%BC%88%E6%B5%B7%E5%A4%96%E3%81%A8%E3%81%AE%E5%8F%96%E5%BC%95%E5%8F%8A%E3%81%B3%E3%80%81%E5%8F%97%E7%99%BA%E6%B3%A8%E7%AE%A1%E7%90%86%EF%BC%89-at-suzaki-metal-4449480567,事務社員（海外との取引及び、受発注管理）,,scraped,2026-08-07T08:54:06.575953,
cd24538fd13650b7,https://pg.linkedin.com/jobs/view/driver-and-administration-officer-lae-morobe-province-apsp-at-abt-global-australia-4450304438,"Driver and Administration Officer-Lae, Morobe Province| APSP",,scraped,2026-08-07T10:47:45.586255,
f528a4f52f782b12,https://pg.linkedin.com/jobs/view/ai-engineer-at-accenture-4449328210,AI Engineer,Accenture,posted,2026-08-07T10:48:15.362878,658
f951b8951ee4b6cc,https://pg.linkedin.com/jobs/view/several-job-vacancies-hebou-construction-png-limited-at-png-facts-4450236987,Several Job Vacancies Hebou Construction (PNG) Limited,,scraped,2026-08-07T10:48:29.944587,
46aff1e88a44d9e6,https://pg.linkedin.com/jobs/view/sales-marketing-executive-spain-at-dulann-compliance-solutions-sl-4448034220,Sales & Marketing Executive (Spain),,scraped,2026-08-07T10:48:36.196074,
a170455477774009,https://pg.linkedin.com/jobs/view/chief-accountant-at-citi-group-4450061918,Chief Accountant,Citi Group,posted,2026-08-07T10:49:09.633837,660
b845555e529b1d68,https://pg.linkedin.com/jobs/view/supervisor-surface-haulage-at-k92-mining-inc-4450045504,Supervisor - Surface Haulage,,scraped,2026-08-07T10:49:48.319906,
3d754682d6d80dd3,https://pg.linkedin.com/jobs/view/supervisor-load-and-haul-at-newmont-corporation-4448749238,"Supervisor, Load and Haul",Newmont Corporation,posted,2026-08-07T10:50:05.022282,662
5c50f3c4a369765c,https://pg.linkedin.com/jobs/view/site-hr-administration-officer-australian-mining-at-pt-talenta-eksekutif-asia-4449748594,Site HR & Administration Officer (Australian Mining),PT Talenta Eksekutif Asia,posted,2026-08-07T10:50:21.909088,86
00ac6293999b883b,https://pg.linkedin.com/jobs/view/demi-chef-de-partie-4449716854,Demi Chef De Partie,crown plaza resident,posted,2026-08-07T12:52:06.423571,664
e08b0e0736b4db58,https://pg.linkedin.com/jobs/view/operations-manager-yale-peabody-museum-and-ipch-at-yale-peabody-museum-4450318272,"Operations Manager, Yale Peabody Museum and IPCH",Yale Peabody Museum,posted,2026-08-07T12:52:14.482268,666
2dd5514ec8c4ff99,https://pg.linkedin.com/jobs/view/project-managers-port-moresby-at-planpac-4450320143,Project Managers | Port Moresby,,scraped,2026-08-07T12:52:59.083838,
83ef9ecc44b0ec6f,https://pg.linkedin.com/jobs/view/design-manager-port-moresby-at-planpac-4450306771,Design Manager | Port Moresby,,scraped,2026-08-07T12:53:14.111815,
d3867831ba0ecb1d,https://pg.linkedin.com/jobs/view/porgera-supervisor-senior-construction-projects-at-barrick-mining-corporation-4450316416,"Porgera | Supervisor, Senior - Construction Projects",,scraped,2026-08-07T12:53:35.334997,
97ca3cb5b07d7bd0,https://pg.linkedin.com/jobs/view/spinanga-at-hellenic-register-of-shipping-s-a-4450694630,Spinanga,,scraped,2026-08-07T14:49:13.883582,
f25b5086ad63d06b,https://pg.linkedin.com/jobs/view/kitchen-staff-at-opaa%21-food-management-4448570937,Kitchen Staff,Opaa! Food Management,posted,2026-08-07T14:49:38.962905,88
63aca26731fb3197,https://pg.linkedin.com/jobs/view/lecturer-trainer-4449353002,Lecturer/Trainer,Department of Tourism & Hospitality-Divine Word University Madang,posted,2026-08-07T14:50:07.032908,668
e91cd93a1d0ef32f,https://pg.linkedin.com/jobs/view/commercial-administration-officer-%E2%80%93-port-moresby-at-high-arctic-png-4450665928,Commercial & Administration Officer – Port Moresby,,scraped,2026-08-07T14:50:11.648708,
13ad692b4734b7bd,https://pg.linkedin.com/jobs/view/middle-high-school-day-to-day-substitute-teacher-at-dubois-central-catholic-high-school-4447394067,Middle/High School Day to Day Substitute Teacher,DuBois Central Catholic High School,posted,2026-08-07T14:50:40.301251,670
aa86f64fca24912b,https://pg.linkedin.com/jobs/view/project-geologist-at-st-barbara-limited-4448745119,Project Geologist,St Barbara Limited,posted,2026-08-07T14:50:53.391707,672
eab9ca2f0cbdeff1,https://pg.linkedin.com/jobs/view/pre-casamento-carol-e-ricardo-pico-do-olho-dagua%0Aensaios%0A2761-0-at-rsalles-image-consept-4449160381,"Pre Casamento Carol e Ricardo Pico do Olho Dagua
ENSAIOS
2761 0",RSALLES Image consept,posted,2026-08-07T14:51:17.795413,674
16fff355cb4acd80,https://pg.linkedin.com/jobs/view/director-financiero-tulum-extranjero-at-preferente-com-4448708639,Director Financiero - Tulum (Extranjero),,scraped,2026-08-07T14:51:24.419349,
175100c318ceab58,https://pg.linkedin.com/jobs/view/veterinario-a-28-5h-1-600-1-800eu-netos-m%C3%A1laga-at-organizaci%C3%B3n-colegial-veterinaria-4450221617,VETERINARIO/A - 28.5H - 1.600 - 1.800EU/NETOS - MÁLAGA,,scraped,2026-08-07T14:51:47.530573,
283a92c165baf3c0,https://pg.linkedin.com/jobs/view/site-safety-manager-%E2%80%93-underground-mining-at-pt-talenta-eksekutif-asia-4449758085,Site Safety Manager – Underground Mining,PT Talenta Eksekutif Asia,posted,2026-08-07T14:52:11.844929,46
100a51ff09515294,https://pg.linkedin.com/jobs/view/administrative-clerk-4449372198,Administrative Clerk,Vocopoint,posted,2026-08-07T16:49:00.386281,676
a335c3968abce313,https://pg.linkedin.com/jobs/view/mechanical-technician-%E2%80%93-generator-sets-at-red-ant-png-limited-4449386534,Mechanical Technician – Generator Sets,Red Ant PNG Limited,posted,2026-08-07T16:49:26.857799,678
a5ed959bd79a3b45,https://pg.linkedin.com/jobs/view/manager-fund-accounting-hedge-funds-at-acca-careers-4450352599,Manager - Fund Accounting (Hedge Funds),,scraped,2026-08-07T16:49:37.204917,
20e8ed57d9b092f4,https://pg.linkedin.com/jobs/view/charla-informativa-unha-galicia-que-suma-talento-at-confederaci%C3%B3n-de-empresarios-de-la-coru%C3%B1a-4450049251,Charla informativa | Unha Galicia que suma talento,Confederación de Empresarios de La Coruña,posted,2026-08-07T16:50:07.336302,680
22f997a1182c9efc,https://pg.linkedin.com/jobs/view/pre-casamento-carol-e-ricardo-pico-do-olho-dagua%0Aensaios%0A2762-0-at-rsalles-image-consept-4449160381,"Pre Casamento Carol e Ricardo Pico do Olho Dagua
ENSAIOS
2762 0",RSALLES Image consept,posted,2026-08-07T18:48:30.324358,682
98dada4e195c0c22,https://pg.linkedin.com/jobs/view/senior-project-sales-executive%0A-1-at-isi-steel-4449218214,"Senior Project Sales Executive
            ( 1 )",,scraped,2026-08-07T18:48:37.180007,
37f896ca1fa31ac9,https://pg.linkedin.com/jobs/view/education-officer-no-1-temporary-position-364-days-mount-hagen-field-office-papua-new-guinea-%2300138258-at-unicef-chad-4449215403,"Education Officer, NO-1, Temporary Position, 364 days, Mount Hagen Field Office, Papua New Guinea #00138258",Unicef CHAD,posted,2026-08-07T20:36:42.381279,684
231e7dd0085984a1,https://pg.linkedin.com/jobs/view/trainer-at-k92-mining-inc-4450046479,Trainer,,scraped,2026-08-08T01:10:28.823152,
d523f88e108a2db0,https://pg.linkedin.com/jobs/view/job-credit-analyst-at-png-facts-4450696535,Job: Credit Analyst,,scraped,2026-08-08T03:20:36.008334,
7863ebc6167c8068,https://pg.linkedin.com/jobs/view/non-executive-director-at-global-talent-search-4450781440,Non-Executive Director,,scraped,2026-08-08T03:21:02.459481,
3e0f22e8e4c9457e,https://pg.linkedin.com/jobs/view/lavora-con-wau-at-wauniversity-4450719467,Lavora con WAU,,scraped,2026-08-08T04:52:08.660209,
0839de99d219bcc9,https://pg.linkedin.com/jobs/view/draftsperson-national-port-moresby-at-planpac-4450316220,Draftsperson - National | Port Moresby,,scraped,2026-08-08T04:52:15.594035,
0b9e4b35b8cffd2f,https://pg.linkedin.com/jobs/view/small-grants-programme-national-coordinator-open-to-internal-and-external-applicants-at-undp-papua-new-guinea-4448494805,Small Grants Programme National Coordinator [Open to internal and external applicants],UNDP Papua New Guinea,posted,2026-08-08T04:52:51.882551,686
2e2da7bbd2b5e1ce,https://pg.linkedin.com/jobs/view/senior-recruitment-manager-at-ambientjobs-4451014704,Senior Recruitment Manager,,scraped,2026-08-08T04:53:32.507590,
4c1e853704eb1026,https://pg.linkedin.com/jobs/view/site-map-at-north-reading-public-schools-4450577589,Site Map,North Reading Public Schools,posted,2026-08-08T06:41:55.567242,427
407118073a502169,https://pg.linkedin.com/jobs/view/accountant-m-f-d-at-ambientjobs-4451019686,Accountant (m/f/d),,scraped,2026-08-08T06:44:06.352596,
4f24a358669186f1,https://pg.linkedin.com/jobs/view/senior-surveyor-at-k92-mining-inc-4449239405,Senior Surveyor,,scraped,2026-08-08T08:35:18.682500,
ae30fa58c422ec6e,https://pg.linkedin.com/jobs/view/sales-attendant-at-nwtl-4450305659,Sales Attendant,nwtl,posted,2026-08-08T12:37:18.719821,688
a8f4d8abac9abf1e,https://pg.linkedin.com/jobs/view/commercial-operational-excellence-specialist-at-astro-energy-a-e-4450928181,Commercial Operational Excellence Specialist,ASTRO ENERGY (A-E),posted,2026-08-08T18:30:10.356228,485
22ce1c31acbeddea,https://pg.linkedin.com/jobs/view/portfolio-director-of-human-resources-%E2%80%93-ihg-papua-new-guinea-at-ihg-hotels-resorts-4449239757,Portfolio Director of Human Resources – IHG Papua New Guinea,,scraped,2026-08-08T18:30:38.941292,
dfe385dc7efdda81,https://pg.linkedin.com/jobs/view/senior-project-sales-executive%0A-1-at-isi-steel-4449267372,"Senior Project Sales Executive
            ( 1 )",,scraped,2026-08-08T18:31:05.582724,
2690d741cf545b74,https://pg.linkedin.com/jobs/view/aws-cloud-engineer-aws-control-tower-full-remote-at-ambientjobs-4451011781,AWS Cloud Engineer/AWS Control Tower- Full Remote,,scraped,2026-08-08T18:31:15.430049,
eec8c67a1a9ea4ac,https://pg.linkedin.com/jobs/view/kontakta-oss-at-fastighets%C3%A4garna-mittnord-ab-4450923321,Kontakta oss,,scraped,2026-08-08T20:23:25.395227,
b8e3aa135f88ba3e,https://pg.linkedin.com/jobs/view/auszubildende-r-zimmerer-in-at-ammer-lech-bau-gmbh-4451098792,Auszubildende/r Zimmerer/in,Ammer Lech Bau GmbH,posted,2026-08-08T22:25:16.678512,339
d7474e067b888e96,https://pg.linkedin.com/jobs/view/auszubildende-r-zimmerer-in-at-ammer-lech-bau-gmbh-4451308094,Auszubildende/r Zimmerer/in,Ammer Lech Bau GmbH,scraped,2026-08-08T22:25:20.525983,
35e28665871005c7,https://pg.linkedin.com/jobs/view/java-architect-at-ambientjobs-4451028267,Java Architect,,scraped,2026-08-08T22:25:35.181112,
80a8c3f693bac7a1,https://pg.linkedin.com/jobs/view/senior-technical-advisor-rust-at-ambientjobs-4451016650,Senior Technical Advisor Rust,,scraped,2026-08-08T22:25:42.227979,
6f7a9c8b3a70a280,https://pg.linkedin.com/jobs/view/zimmerergeselle-in-m-w-d-%E2%80%93-vollzeit-at-ammer-lech-bau-gmbh-4451302334,Zimmerergeselle/in (m/w/d) – Vollzeit,Ammer Lech Bau GmbH,posted,2026-08-08T22:25:50.605512,304
ac9cd8acac41a512,https://pg.linkedin.com/jobs/view/zimmerermeister-in-m-w-d-%E2%80%93-vollzeit-at-ammer-lech-bau-gmbh-4451098791,Zimmerermeister/in (m/w/d) – Vollzeit,Ammer Lech Bau GmbH,posted,2026-08-08T22:26:01.552275,300
dea959bc01753cfa,https://pg.linkedin.com/jobs/view/health-and-safety-officer-4450929497,Health And Safety Officer,Petro Pipe Construction Corporation  Limited.,posted,2026-08-09T01:14:48.583458,690
e76bf600305d6c19,https://pg.linkedin.com/jobs/view/job-with-png-air-legal-administration-manager-company-secretary-at-png-facts-4451303686,JOB with PNG AIR : LEGAL ADMINISTRATION MANAGER & COMPANY SECRETARY,,scraped,2026-08-09T01:15:45.188403,
d4b8782b5a59e7fc,https://pg.linkedin.com/jobs/view/several-job-positions-at-divine-word-university-png-apply-now-at-png-facts-4451322042,Several Job Positions at Divine Word University PNG : APPLY Now,,scraped,2026-08-09T03:29:40.788599,
f862e2f5945566b0,https://pg.linkedin.com/jobs/view/operations-manager-at-ihg-hotels-resorts-4449501003,Operations Manager,,scraped,2026-08-09T05:00:27.401496,
1935628571a4d5ef,https://pg.linkedin.com/jobs/view/commercial-manager-%E2%80%93-mining-marine-at-astro-energy-a-e-4450910614,Commercial Manager – Mining & Marine,ASTRO ENERGY (A-E),posted,2026-08-09T05:01:39.747448,308
fe784e7bb565d333,https://pg.linkedin.com/jobs/view/zimmerermeister-in-m-w-d-%E2%80%93-vollzeit-at-ammer-lech-bau-gmbh-4451090997,Zimmerermeister/in (m/w/d) – Vollzeit,Ammer Lech Bau GmbH,posted,2026-08-09T10:30:54.237557,300
60d58e9a97ac2ab3,https://pg.linkedin.com/jobs/view/several-job-vacancies-hebou-construction-png-limited-at-png-facts-4451336842,Several Job Vacancies Hebou Construction (PNG) Limited,,scraped,2026-08-09T12:40:17.919183,
46d935cc141f323d,https://pg.linkedin.com/jobs/view/advisor-employee-relations-at-barrick-mining-corporation-4450997108,Advisor - Employee Relations,,scraped,2026-08-10T01:17:28.960263,
26a5b6bf6966846d,https://pg.linkedin.com/jobs/view/insurance-corporate-client-manager-at-kanda-international-insurance-brokers-4450986775,Insurance Corporate  Client Manager,,scraped,2026-08-10T01:18:05.525563,
5b8c4928c798ba11,https://pg.linkedin.com/jobs/view/air-niugini-job-service-training-lead-%E2%80%93-cabin-crew-at-png-facts-4451341720,Air Niugini job : Service Training Lead – Cabin Crew,,scraped,2026-08-10T01:19:14.730843,
a0f1933b12e4c5f0,https://pg.linkedin.com/jobs/view/job-with-png-air-legal-administration-manager-company-secretary-at-png-facts-4451370771,JOB with PNG AIR : LEGAL ADMINISTRATION MANAGER & COMPANY SECRETARY,,scraped,2026-08-10T01:19:20.899302,
d835397829441e6c,https://pg.linkedin.com/jobs/view/%D1%81%D0%BF%D0%B5%D1%86%D0%B8%D0%B0%D0%BB%D0%B8%D1%81%D1%82-%D0%BE%D0%B1%D1%81%D0%BB%D1%83%D0%B6%D0%B2%D0%B0%D0%BD%D0%B5-%D0%BD%D0%B0-%D0%BA%D0%BB%D0%B8%D0%B5%D0%BD%D1%82%D0%B8-%D0%B2-%D1%81%D0%B5%D1%80%D0%B2%D0%B8%D0%B7%D0%B5%D0%BD-%D1%86%D0%B5%D0%BD%D1%82%D1%8A%D1%80-4451368670,Специалист обслужване на клиенти в сервизен център,Kaderabotim.bg,failed|wp_post_failed,2026-08-10T03:50:19.271193,
64f2d96fc4c065da,https://pg.linkedin.com/jobs/view/customs-licensed-broker-at-tkhs-4451104280,Customs Licensed Broker,,scraped,2026-08-10T05:21:53.165718,
242c5c49ac58e1c2,https://pg.linkedin.com/jobs/view/heavy-diesel-equipment-fitting-4451116429,Heavy diesel equipment fitting,Glagu accommodation,posted,2026-08-10T07:22:00.031471,692
ad48a70984748266,https://pg.linkedin.com/jobs/view/commercial-contract-manager-at-placements-international-4451103467,Commercial Contract Manager,,scraped,2026-08-10T07:22:02.510848,
2b694a8f6696e62e,https://pg.linkedin.com/jobs/view/contract-to-hire-erp-consultant-at-1-tok-4450974481,Contract-to-Hire ERP Consultant,,scraped,2026-08-10T12:57:25.979923,
53f3c4895f5cc884,https://pg.linkedin.com/jobs/view/project-engineer-at-astro-energy-a-e-4450930067,Project Engineer,ASTRO ENERGY (A-E),posted,2026-08-10T12:58:07.040792,252
a5a3e7874e1c08a6,https://pg.linkedin.com/jobs/view/un-women-country-portfolio-evaluation-national-consultant-port-moresby-papua-new-guinea-consultant-contract-at-un-women-4451507261,"UN Women: Country Portfolio Evaluation National Consultant, Port Moresby, Papua New Guinea, Consultant Contract",UN Women,posted,2026-08-10T16:51:04.893688,694
6b0f3dac21fb7f90,https://pg.linkedin.com/jobs/view/physiotherapist-at-simbu-provincial-health-authority-4451108089,Physiotherapist,Simbu Provincial Health Authority,posted,2026-08-10T18:49:33.784226,696
77b895f42554db66,https://pg.linkedin.com/jobs/view/executive-manager-ceo-s-office-at-kina-bank-4451508000,Executive Manager - CEO's office,,scraped,2026-08-10T18:49:36.667300,
77f3d3bf7d13c562,https://pg.linkedin.com/jobs/view/licensed-customs-broker-at-tkhs-4451119246,Licensed Customs Broker,,scraped,2026-08-10T18:50:50.091946,
7f2effd5a03baae9,https://pg.linkedin.com/jobs/view/education-officer-no-1-temporary-position-364-days-mount-hagen-field-office-papua-new-guinea-%2300138258-at-unicef-4450734348,"Education Officer, NO-1, Temporary Position, 364 days, Mount Hagen Field Office, Papua New Guinea #00138258",UNICEF,posted,2026-08-10T18:51:06.706513,698
c0993bd6c452c900,https://pg.linkedin.com/jobs/view/national-agriculture-and-value-chain-specialist-at-fao-4448796532,National Agriculture and Value Chain Specialist,,scraped,2026-08-10T18:51:09.251646,
98022905c68db780,https://pg.linkedin.com/jobs/view/zimmerergeselle-in-m-w-d-%E2%80%93-vollzeit-at-ammer-lech-bau-gmbh-4451095788,Zimmerergeselle/in (m/w/d) – Vollzeit,Ammer Lech Bau GmbH,posted,2026-08-10T18:51:22.032456,304
590a7cb06a471403,https://pg.linkedin.com/jobs/view/senior-business-development-manager-telecoms-at-global-talent-search-4451892399,Senior Business Development Manager - Telecoms,,scraped,2026-08-10T20:37:33.783609,
bd8a377cb9d80103,https://pg.linkedin.com/jobs/view/several-job-positions-at-divine-word-university-png-apply-now-at-png-facts-4452094799,Several Job Positions at Divine Word University PNG : APPLY Now,,scraped,2026-08-11T01:15:48.024250,
9117a84158624921,https://pg.linkedin.com/jobs/view/senior-training-and-development-officer-at-independent-commission-against-corruption-icac-png-4451483919,Senior Training and Development Officer,,scraped,2026-08-11T03:39:56.555430,
dec6d7b1cb4f8c76,https://pg.linkedin.com/jobs/view/senior-smp-supervisor-at-monadelphous-4451484840,Senior SMP Supervisor,,scraped,2026-08-11T03:40:32.552453,
8779ec4ce242e034,https://pg.linkedin.com/jobs/view/tax-consultant-at-shishya-4451456143,Tax Consultant,,scraped,2026-08-11T05:01:57.021743,
d2f19bc13eeb4f1c,https://pg.linkedin.com/jobs/view/heavy-equipment-mechanic-4451107334,Heavy Equipment Mechanic,Heavy Equipment Mechanic Technician Anitua Radial Drilling Company - Lihir New Irsland PNG,posted,2026-08-11T05:02:49.535320,700
ec3329292d943f12,https://pg.linkedin.com/jobs/view/senior-industry-liaison-coordinator%E2%80%93-strongim-wok-long-tvet-at-palladium-make-it-possible-4448722289,Senior Industry Liaison Coordinator– Strongim Wok Long TVET,Palladium: Make It Possible,posted,2026-08-11T05:03:01.451872,702
c6ebe10cbc92f6a0,https://pg.linkedin.com/jobs/view/several-job-vacancies-hebou-construction-png-limited-at-png-facts-4452101620,Several Job Vacancies Hebou Construction (PNG) Limited,,scraped,2026-08-11T05:03:04.098444,
0cb523d6c7bbaf3d,https://pg.linkedin.com/jobs/view/job-with-png-air-legal-administration-manager-company-secretary-at-png-facts-4452106041,JOB with PNG AIR : LEGAL ADMINISTRATION MANAGER & COMPANY SECRETARY,,scraped,2026-08-11T05:03:10.419456,
56cb8adcf631a1b2,https://pg.linkedin.com/jobs/view/director-of-corporate-services-at-pacific-islands-forum-fisheries-agency-ffa-4451602907,Director of Corporate Services,,scraped,2026-08-11T06:58:35.803213,
4c373dca84e5e9fe,https://pg.linkedin.com/jobs/view/junior-biological-scientist-at-air-force-research-laboratory-4452192626,Junior Biological Scientist,Air Force Research Laboratory,posted,2026-08-11T08:48:39.358532,704
6d9b6f402de925ac,https://pg.linkedin.com/jobs/view/senior-project-sales-executive%0A-1-at-isi-steel-4449849030,"Senior Project Sales Executive
            ( 1 )",,scraped,2026-08-11T08:49:29.823223,
f16f690b69b60e41,https://pg.linkedin.com/jobs/view/manager-processing-at-st-barbara-limited-4452404277,Manager Processing,St Barbara Limited,posted,2026-08-11T08:51:15.552008,706
fb446654c761a7e2,https://pg.linkedin.com/jobs/view/geotechnical-engineer-at-st-barbara-limited-4452110947,Geotechnical Engineer,St Barbara Limited,posted,2026-08-11T08:51:30.434762,708
942e678605476874,https://pg.linkedin.com/jobs/view/chief-technical-specialist-open-to-internal-and-external-applicants-at-undp-careers-4452426088,Chief Technical Specialist [Open to internal and external applicants],UNDP Careers,posted,2026-08-11T10:47:53.358599,710
a6a68d04750736ca,https://pg.linkedin.com/jobs/view/country-manager-papua-new-guinea-at-interlinc-group-4451649615,Country Manager - Papua New Guinea,,scraped,2026-08-11T12:53:04.786936,
4955a26ec3b90a55,https://pg.linkedin.com/jobs/view/advisor-technical-at-newmont-corporation-4451678868,Advisor Technical,Newmont Corporation,posted,2026-08-11T16:54:00.814050,712
494b0ea39bfc16d8,https://pg.linkedin.com/jobs/view/chief-technical-specialist-open-to-internal-and-external-applicants-at-undp-papua-new-guinea-4449856420,Chief Technical Specialist [Open to internal and external applicants],UNDP Papua New Guinea,posted,2026-08-11T16:54:48.755536,710
437aee18f6a58606,https://pg.linkedin.com/jobs/view/%CE%B5%CE%BA%CE%B4%CE%B7%CE%BB%CF%89%CF%83%CE%B7-%CE%B5%CE%BD%CE%B7%CE%BC%CE%B5%CF%81%CF%89%CF%83%CE%B7%CF%83-%CE%B3%CE%B9%CE%B1-%CF%84%CE%B7%CE%BD-%CF%80%CF%81%CE%B1%CE%BA%CF%84%CE%B9%CE%BA%CE%B7-%CE%B1%CF%83%CE%BA%CE%B7%CF%83%CE%B7-%CE%BC%CE%B5%CF%83%CF%89-%CE%B5%CF%83%CF%80%CE%B1-at-department-of-banking-and-financial-management-4451062191,ΕΚΔΗΛΩΣΗ ΕΝΗΜΕΡΩΣΗΣ ΓΙΑ ΤΗΝ ΠΡΑΚΤΙΚΗ ΑΣΚΗΣΗ ΜΕΣΩ ΕΣΠΑ,Department of Banking and Financial Management,failed|wp_post_failed,2026-08-11T22:37:51.568078,
7618b4919e5e69ce,https://pg.linkedin.com/jobs/view/technician-mechanical-at-newmont-corporation-4451683247,"Technician, Mechanical",Newmont Corporation,posted,2026-08-11T22:38:15.627259,48
40fe2820a8930108,https://pg.linkedin.com/jobs/view/hr-compliance-manager-at-frieda-river-limited-4451954587,HR & Compliance Manager,,scraped,2026-08-12T01:23:58.141431,
162e403f7a8a2fa8,https://pg.linkedin.com/jobs/view/junior-video-editor-4449772237,Junior Video editor,Kaplika Tech,posted,2026-08-12T01:24:13.183176,714
55cb6a7b7ef8394c,https://pg.linkedin.com/jobs/view/back-office-specialist-dutch-speaking-on-site-al01-at-internetvac-4451664961,Back Office Specialist (Dutch - speaking) - On-site AL01,Internetvac,posted,2026-08-12T01:24:52.505879,716
e66a258276568bf3,https://pg.linkedin.com/jobs/view/general-manager-processing-at-st-barbara-limited-4452405218,General Manager Processing,St Barbara Limited,posted,2026-08-12T01:25:21.152492,718
5b4526c6fb3a6062,https://pg.linkedin.com/jobs/view/papua-new-guinea-in-field-mentor-at-the-church-of-jesus-christ-of-latter-day-saints-4098517762,Papua New Guinea: In-Field Mentor,The Church of Jesus Christ of Latter-day Saints,posted,2026-08-12T04:03:21.496897,720
4810f7b918d5635b,https://pg.linkedin.com/jobs/view/community-relations-superintendent-at-st-barbara-limited-4453021931,Community Relations Superintendent,St Barbara Limited,posted,2026-08-12T07:16:43.349814,722
2db83ab68646e6fb,https://pg.linkedin.com/jobs/view/medical-officer-at-mobo-group-of-companies-4451967954,Medical Officer,,scraped,2026-08-12T07:17:05.938885,
7a09f284cc717622,https://pg.linkedin.com/jobs/view/senior-project-sales-executive%0A-1-at-isi-steel-4452360147,"Senior Project Sales Executive
            ( 1 )",,scraped,2026-08-12T07:17:37.757537,
c95f5eb210ad7342,https://pg.linkedin.com/jobs/view/papua-new-guinea-in-field-mentor-at-a-igreja-de-jesus-cristo-dos-santos-dos-%C3%BAltimos-dias-4452339338,Papua New Guinea: In-Field Mentor,,scraped,2026-08-12T09:08:45.391319,
4b82c9c29c360e74,https://pg.linkedin.com/jobs/view/job-accountant-with-ipi-at-png-facts-4453002642,Job : Accountant with iPi,,scraped,2026-08-12T09:09:26.075391,
b3bf07aa069ed89b,https://pg.linkedin.com/jobs/view/senior-estimator-port-moresby-at-planpac-4450325018,Senior Estimator | Port Moresby,,scraped,2026-08-12T10:57:12.181393,
4754ec95c81b4832,https://pg.linkedin.com/jobs/view/mis-executive-sales-ops-executive-at-ziff-davis-performance-marketing-4450662768,MIS Executive / Sales Ops Executive,Ziff Davis Performance Marketing,posted,2026-08-12T10:57:42.314656,724
fcb147c79c0b0ae0,https://pg.linkedin.com/jobs/view/business-development-officer-at-st-barbara-limited-4450138665,Business Development Officer,St Barbara Limited,posted,2026-08-12T14:52:52.530238,726
49e6752d90d36b0e,https://pg.linkedin.com/jobs/view/freelance-at-firstsource-4452395014,Freelance,,scraped,2026-08-12T14:53:59.320005,
9809dd33bf13bfe8,https://pg.linkedin.com/jobs/view/head-of-launch-middle-east-at-quartermaster-4452714620,Head of Launch (Middle East),Quartermaster,posted,2026-08-12T16:53:28.793330,728
fe44ddf5e9c81da6,https://pg.linkedin.com/jobs/view/sachbearbeiter-in-kanzlei-80-100%25-befristet-f%C3%BCr-12-monate-at-schutz-intervention-winterthur-4452399132,"Sachbearbeiter:in Kanzlei (80 - 100%), befristet für 12 Monate",Schutz & Intervention Winterthur,posted,2026-08-12T18:56:27.499922,730
de5644bd64f86178,https://pg.linkedin.com/jobs/view/operations-superintendent-at-ineos-styrolution-4452732434,Operations Superintendent,,scraped,2026-08-12T18:56:40.070045,
c76872534ff42cfa,https://pg.linkedin.com/jobs/view/communications-advisor-at-dt-global-4449978283,Communications Advisor,DT Global,posted,2026-08-12T20:37:49.202084,732
c5430a77503d5162,https://pg.linkedin.com/jobs/view/management-consultant-at-fundacion-contingency-academy-4453327960,Management Consultant,Fundacion Contingency Academy,posted,2026-08-12T20:38:36.142717,734
9806f014076193b3,https://pg.linkedin.com/jobs/view/job-with-png-air-legal-administration-manager-company-secretary-at-png-facts-4450194872,JOB with PNG AIR : LEGAL ADMINISTRATION MANAGER & COMPANY SECRETARY,,scraped,2026-08-13T01:24:39.475917,
ec4e0ba35f644650,https://pg.linkedin.com/jobs/view/accounts-officer-at-port-moresby-nature-park-4450193625,Accounts Officer,Port Moresby Nature Park,posted,2026-08-13T01:25:55.040341,377
6aa2e58c6ec41f9c,https://pg.linkedin.com/jobs/view/education-officer-no-1-temporary-position-364-days-mount-hagen-field-office-papua-new-guinea-%2300138258-at-unicef-4453375845,"Education Officer, NO-1, Temporary Position, 364 days, Mount Hagen Field Office, Papua New Guinea #00138258",UNICEF,posted,2026-08-13T01:26:18.643097,736
30eb7ea1a1de6ddc,https://pg.linkedin.com/jobs/view/job-accountant-with-ipi-at-png-facts-4450193905,Job : Accountant with iPi,,scraped,2026-08-13T04:06:41.069813,
8b968bc354d2aea2,https://pg.linkedin.com/jobs/view/cafeteria-services-manager-at-innovative-university-of-enga-4452763154,Cafeteria Services Manager,,scraped,2026-08-13T07:19:14.921207,
3b477af2a813e4b7,https://pg.linkedin.com/jobs/view/heo-heavy-equipment-operator-4452787679,HEO heavy equipment operator,Rimbunan Hijau Group (RH Group)& Ramu nico mining company & canopus no#16 LTD,posted,2026-08-13T09:07:47.744986,738
32cf927225a598e6,https://pg.linkedin.com/jobs/view/activations-executive-pom-at-coca-cola-europacific-partners-4454005889,"Activations Executive, POM",Coca-Cola Europacific Partners,posted,2026-08-13T12:57:30.641631,740
5cefc128e50ee60b,https://pg.linkedin.com/jobs/view/channel-manager-away-from-home-at-coca-cola-europacific-partners-4454004968,Channel Manager - Away from Home,Coca-Cola Europacific Partners,posted,2026-08-13T12:57:42.988494,742
feb7706159a49a08,https://pg.linkedin.com/jobs/view/porgera-officer-emergency-response-at-barrick-mining-corporation-4452971692,Porgera | Officer - Emergency Response,,scraped,2026-08-13T12:57:47.395360,
2c42bff056edf9ba,https://pg.linkedin.com/jobs/view/air-niugini-job-service-training-lead-%E2%80%93-cabin-crew-at-png-facts-4454003990,Air Niugini job : Service Training Lead – Cabin Crew,,scraped,2026-08-13T12:58:01.857155,
8d58450471cb313a,https://pg.linkedin.com/jobs/view/field-security-officer-2-positions-buka-and-wewak-open-to-internal-and-external-applicants-at-undp-careers-4454035634,Field Security Officer (2 positions) (Buka and Wewak) [Open to internal and external applicants],UNDP Careers,posted,2026-08-13T14:52:28.412464,744
184e941d852f9d70,https://pg.linkedin.com/jobs/view/field-security-officer-2-positions-buka-and-wewak-open-to-internal-and-external-applicants-at-undp-papua-new-guinea-4450801325,Field Security Officer (2 positions) (Buka and Wewak) [Open to internal and external applicants],UNDP Papua New Guinea,posted,2026-08-13T14:52:43.425952,746
525e0bddb256f3e5,https://pg.linkedin.com/jobs/view/national-afolu-gis-mrv-specialist-at-fao-4450814089,National AFOLU GIS/MRV Specialist,,scraped,2026-08-13T14:53:00.128353,
ad9dae223d1c057e,https://pg.linkedin.com/jobs/view/channel-manager-wholesale-at-coca-cola-europacific-partners-4454008888,Channel Manager - Wholesale,Coca-Cola Europacific Partners,posted,2026-08-13T14:53:51.838719,748
aa9719a875a99d51,https://pg.linkedin.com/jobs/view/syrup-operator-at-coca-cola-europacific-partners-4454015043,Syrup Operator,Coca-Cola Europacific Partners,posted,2026-08-13T14:54:04.105090,750
99f5ddbd2286bd5f,https://pg.linkedin.com/jobs/view/refrigeration-technician-at-coca-cola-europacific-partners-4454015099,Refrigeration Technician,Coca-Cola Europacific Partners,posted,2026-08-13T14:54:16.031843,752
b8bc614bb554b6cf,https://pg.linkedin.com/jobs/view/data-insights-analyst-at-coca-cola-europacific-partners-4454008954,Data Insights Analyst,Coca-Cola Europacific Partners,posted,2026-08-13T14:54:28.424644,754
5b191ba2b32b0043,https://pg.linkedin.com/jobs/view/packer-auto-palletiser-operator-at-coca-cola-europacific-partners-4454015057,Packer Auto Palletiser Operator,Coca-Cola Europacific Partners,posted,2026-08-13T14:54:42.235694,28
9c1e5ebfa3634ee0,https://pg.linkedin.com/jobs/view/maintenance-supervisor-at-w%C3%A4rtsil%C3%A4-4454051174,Maintenance Supervisor,,scraped,2026-08-13T16:51:42.339538,
4ec479a86beb15b1,https://pg.linkedin.com/jobs/view/learning-development-coordinator-at-world-vision-4453688470,Learning & Development Coordinator,,scraped,2026-08-13T16:52:22.976159,
93d655fcd276a8bf,https://pg.linkedin.com/jobs/view/international-affiliate-papua-new-guinea-at-lyra-health-4452902351,International Affiliate - Papua New Guinea,Lyra Health,posted,2026-08-13T16:52:43.190751,202
f5184a51bcc13b5a,https://pg.linkedin.com/jobs/view/electrician-at-frieda-river-limited-4452768153,Electrician,,scraped,2026-08-13T22:36:14.194786,
a17960332a298fd2,https://pg.linkedin.com/jobs/view/b1-3-licensed-engineer-as332-l2-papua-new-guinea-at-aviation-jobsearch-europa-4454325204,B1.3 Licensed Engineer AS332 L2 - Papua New Guinea,Aviation JobSearch Europa,posted,2026-08-14T01:24:23.219956,756
47f1679c2cc6e913,https://pg.linkedin.com/jobs/view/parts-and-services-sales-representative-at-sandvik-4450453189,Parts and Services Sales Representative,,scraped,2026-08-14T01:24:29.784794,
a175a078f5bdf27d,https://pg.linkedin.com/jobs/view/hse-coordinator-at-monadelphous-4453623718,HSE Coordinator,,scraped,2026-08-14T01:24:39.207071,
eb4b59b3d4522091,https://pg.linkedin.com/jobs/view/senior-planning-specialist-at-st-barbara-limited-4451210140,Senior Planning Specialist,St Barbara Limited,posted,2026-08-14T07:17:34.858790,758
1dbe2933577e9867,https://pg.linkedin.com/jobs/view/customer-sales-representative-at-coca-cola-europacific-partners-4454018095,Customer Sales Representative,Coca-Cola Europacific Partners,posted,2026-08-14T07:17:42.659138,78
d394589386e6f9b1,https://pg.linkedin.com/jobs/view/several-job-positions-at-divine-word-university-png-apply-now-at-png-facts-4454019024,Several Job Positions at Divine Word University PNG : APPLY Now,,scraped,2026-08-14T07:17:45.253918,
8ef8f3baa1b1794f,https://pg.linkedin.com/jobs/view/un-women-elections-and-inclusive-governance-specialist-port-moresby-papua-new-guinea-international-consultant-at-un-women-4454385187,"UN Women: Elections and Inclusive Governance Specialist, Port Moresby, Papua New Guinea, International Consultant",UN Women,posted,2026-08-14T09:03:55.270787,760
e3add2a7180305b4,https://pg.linkedin.com/jobs/view/head-of-mining-operations-gold-mine-at-pt-talenta-eksekutif-asia-4453520878,Head of Mining Operations (Gold Mine),PT Talenta Eksekutif Asia,posted,2026-08-14T10:55:41.599224,228
c8098b735f4e8423,https://pg.linkedin.com/jobs/view/senior-sales-consultant-at-ferguson-education-and-migration-4452779818,Senior Sales Consultant,,scraped,2026-08-14T12:54:06.814519,
122a260bfd32df14,https://pg.linkedin.com/jobs/view/regional-general-manager-new-guinea-islands-at-digicel-pacific-4454340800,Regional General Manager - New Guinea Islands,,scraped,2026-08-14T12:54:13.807903,
5ae8ec1765e9c921,https://pg.linkedin.com/jobs/view/kitchen-staff-substitute-at-opaa%21-food-management-4453255763,Kitchen Staff Substitute,Opaa! Food Management,posted,2026-08-14T12:54:23.449264,172
0e042743c1ead527,https://pg.linkedin.com/jobs/view/senior-project-sales-executive%0A-1-at-isi-steel-4450891307,"Senior Project Sales Executive
            ( 1 )",,scraped,2026-08-14T16:50:18.165599,
8ce9d425dea31dd0,https://pg.linkedin.com/jobs/view/head-of-mining-operations-gold-mine-at-pt-talenta-eksekutif-asia-4453533653,Head of Mining Operations (Gold Mine),PT Talenta Eksekutif Asia,posted,2026-08-14T20:25:53.445846,228
a975037fcd4619f4,https://pg.linkedin.com/jobs/view/head-of-mining-operations-gold-mine-at-pt-talenta-eksekutif-asia-4453511954,Head of Mining Operations (Gold Mine),PT Talenta Eksekutif Asia,posted,2026-08-14T20:25:58.159639,228
3f02d604e44261bb,https://pg.linkedin.com/jobs/view/mex-banquero-black-at-universia-m%C3%A9xico-4453261866,MEX Banquero Black,,scraped,2026-08-14T22:18:05.821706,
301fa31e5a1b1e12,https://pg.linkedin.com/jobs/view/safety-officer-at-bng-trading-4446026746,Safety Officer,BNG TRADING,posted,2026-08-15T00:54:29.834346,762
191499cc61c4fdaa,https://pg.linkedin.com/jobs/view/shotcrete-operator-at-k92-mining-inc-4451289194,Shotcrete Operator,,scraped,2026-08-15T00:54:48.410715,
0139d77d41a8f956,https://pg.linkedin.com/jobs/view/reporter-presenter-at-digicel-pacific-4454348493,Reporter/ Presenter,,scraped,2026-08-15T04:24:34.674358,
1f376681407400d4,https://pg.linkedin.com/jobs/view/blusa-ombro-a-ombro-manga-curta-forrada-poliamida-premium-lisa-branco-at-dudaalice-marias-4454569852,Blusa Ombro A Ombro Manga Curta Forrada Poliamida Premium Lisa/Branco,,scraped,2026-08-15T04:24:57.082923,
d20d5bdc7533c324,https://pg.linkedin.com/jobs/view/asistente-de-quirofano-at-pisa-farmac%C3%A9utica-4454866192,ASISTENTE DE QUIROFANO,,scraped,2026-08-15T04:25:12.585882,
210bfbc389b57353,https://pg.linkedin.com/jobs/view/general-manager-camg-at-png-air-4453793231,GENERAL MANAGER CAMG,,scraped,2026-08-15T12:25:50.011972,
c0db2d714e14a318,https://pg.linkedin.com/jobs/view/several-job-positions-at-divine-word-university-png-apply-now-at-png-facts-4455108037,Several Job Positions at Divine Word University PNG : APPLY Now,,scraped,2026-08-15T12:26:38.396698,
4eda1c8e30a5fe34,https://pg.linkedin.com/jobs/view/job-with-png-air-legal-administration-manager-company-secretary-at-png-facts-4455115038,JOB with PNG AIR : LEGAL ADMINISTRATION MANAGER & COMPANY SECRETARY,,scraped,2026-08-15T14:17:58.049401,
9d9b50004451f0b4,https://pg.linkedin.com/jobs/view/job-accountant-with-ipi-at-png-facts-4455130035,Job : Accountant with iPi,PNG FACTs,posted,2026-08-15T16:17:59.888695,764
68c2b90b672e1a39,https://pg.linkedin.com/jobs/view/b1-3-b2-bell-412-212-407-license-aircraft-engineer-at-rishworth-aviation-4453979377,B1.3 / B2 - Bell 412/212/407 License Aircraft Engineer,,scraped,2026-08-16T04:30:48.765367,
cfbe136d82616d60,https://pg.linkedin.com/jobs/view/sustainable-livelihood-coordinator-at-st-barbara-limited-4451756731,Sustainable Livelihood Coordinator,St Barbara Limited,posted,2026-08-16T10:18:21.654066,766
2af3f1c2a37b2868,https://pg.linkedin.com/jobs/view/internal-auditor-at-chm-group-4454875069,Internal Auditor,,scraped,2026-08-16T12:27:48.013988,
262b0ea7697f7d46,https://pg.linkedin.com/jobs/view/import-and-export-clerk-%E2%80%93-png-at-sandvik-4451778135,Import and Export Clerk – PNG,,scraped,2026-08-16T12:28:45.749035,
87622ee7deb7a8a9,https://pg.linkedin.com/jobs/view/air-niugini-job-service-training-lead-%E2%80%93-cabin-crew-at-png-facts-4455131022,Air Niugini job : Service Training Lead – Cabin Crew,,scraped,2026-08-16T14:17:17.606338,
4ed45a40d12a2090,https://pg.linkedin.com/jobs/view/data-entry-clerk-4453936048,Data Entry Clerk,Canaan Lenders,posted,2026-08-17T00:57:18.394102,768
e157963381b91c36,https://pg.linkedin.com/jobs/view/program-officer-education-and-leadership-at-digicel-pacific-4455224351,Program Officer - Education and Leadership,,scraped,2026-08-17T00:57:20.995040,
ca6fc6d133edac4a,https://pg.linkedin.com/jobs/view/mis-executive-sales-ops-executive-at-ziff-davis-performance-marketing-4455140742,MIS Executive / Sales Ops Executive,Ziff Davis Performance Marketing,posted,2026-08-17T00:57:33.380229,724
422a87006209fedc,https://pg.linkedin.com/jobs/view/human-resources-business-partner-at-png-air-4255527330,Human Resources Business Partner,,scraped,2026-08-17T00:57:36.000293,
e77ecac4e4708372,https://pg.linkedin.com/jobs/view/fitter-machinist-fixed-plant-maintenance-at-st-barbara-limited-4451799384,Fitter Machinist - Fixed Plant Maintenance,St Barbara Limited,posted,2026-08-17T04:37:02.643864,770
3bd7da539113070d,https://pg.linkedin.com/jobs/view/supply-chain-coordinator-med-serv-at-international-sos-4455249311,Supply Chain Coordinator - MED SERV,,scraped,2026-08-17T06:41:22.526641,
2c2c865123f747bd,https://pg.linkedin.com/jobs/view/litigation-lawyer-at-jaku-lawyers-4454235158,Litigation Lawyer,Jaku Lawyers,posted,2026-08-17T06:42:21.729297,772
046a575ce3c44f7b,https://pg.linkedin.com/jobs/view/health-extension-officer-at-international-sos-4455237333,Health Extension Officer,,scraped,2026-08-17T06:42:38.299188,
d1c684edc052971a,https://pg.linkedin.com/jobs/view/laboratory-technician-at-international-sos-4455234358,Laboratory Technician,,scraped,2026-08-17T06:42:50.930158,
20bc2b3933b0c093,https://pg.linkedin.com/jobs/view/community-facilitator-at-world-vision-4455254812,Community Facilitator,,scraped,2026-08-17T08:37:03.586849,
26c8a9b88f8e15c4,https://pg.linkedin.com/jobs/view/project-specialist-npsa-10-mount-hagen-papua-new-guinea-uncdf-open-to-internal-and-external-applicants-at-undp-careers-4455245937,"Project Specialist, NPSA 10, Mount Hagen, Papua New Guinea (UNCDF) - [Open to internal and external applicants]",UNDP Careers,posted,2026-08-17T08:37:51.114068,774
eb042c5d6b98bc55,https://pg.linkedin.com/jobs/view/papua-new-guinea-security-guard-port-moresby-temple-at-the-church-of-jesus-christ-of-latter-day-saints-4454257314,Papua New Guinea: Security Guard (Port Moresby Temple),The Church of Jesus Christ of Latter-day Saints,posted,2026-08-17T10:26:34.928744,776
8da61ece2f3874d3,https://pg.linkedin.com/jobs/view/senior-program-coordinator-western-province-partnership-apsp-at-abt-global-australia-4452217726,Senior Program Coordinator _Western Province Partnership |APSP,,scraped,2026-08-17T10:27:05.556591,
81438140c056a20b,https://pg.linkedin.com/jobs/view/registered-nursing-officer-at-international-sos-4455232377,Registered Nursing Officer,,scraped,2026-08-17T10:27:47.953314,
6ba1f0d3b94a3916,https://pg.linkedin.com/jobs/view/advisor-contract-management-lihir-at-newmont-corporation-4453524666,"Advisor, Contract Management, Lihir",Newmont Corporation,posted,2026-08-17T14:22:29.413144,778
769a18a3f60f4aeb,https://pg.linkedin.com/jobs/view/operations-advisor-advanced-at-exxonmobil-4454067170,Operations Advisor - Advanced,ExxonMobil,posted,2026-08-17T16:21:30.033285,780
eac61452c0a84147,https://pg.linkedin.com/jobs/view/project-specialist-npsa-10-mount-hagen-papua-new-guinea-uncdf-open-to-internal-and-external-applicants-at-undp-papua-new-guinea-4452258939,"Project Specialist, NPSA 10, Mount Hagen, Papua New Guinea (UNCDF) - [Open to internal and external applicants]",UNDP Papua New Guinea,posted,2026-08-17T18:31:56.739001,782
1df66ff03ab8dad6,https://pg.linkedin.com/jobs/view/png-sports-partnerships-specialist-at-ghd-4454244402,PNG Sports Partnerships Specialist,,scraped,2026-08-17T18:32:09.453454,
f3045e1acfa24b57,https://pg.linkedin.com/jobs/view/senior-project-sales-executive%0A-1-at-isi-steel-4452292424,"Senior Project Sales Executive
            ( 1 )",,scraped,2026-08-17T18:32:24.925410,
c12c8fc9cbadc046,https://pg.linkedin.com/jobs/view/fleet-workshop-manager-at-global-talent-search-4432313980,Fleet & Workshop Manager,,scraped,2026-08-17T22:18:52.868903,
b74bfcc02053de77,https://pg.linkedin.com/jobs/view/senior-dispatch-engineer-at-st-barbara-limited-4452246076,Senior Dispatch Engineer,St Barbara Limited,posted,2026-08-17T22:19:35.189660,784
e758f20dd0e27ada,https://pg.linkedin.com/jobs/view/chief-financial-officer-logistics-at-global-talent-search-4452236231,Chief Financial Officer - Logistics,,scraped,2026-08-17T22:19:37.736617,
80c2cab1dbac175e,https://pg.linkedin.com/jobs/view/regional-sales-manager-fmcg-at-global-talent-search-4452226341,Regional Sales Manager - FMCG,,scraped,2026-08-17T22:19:43.786765,
1afc9af8aef6afeb,https://pg.linkedin.com/jobs/view/construction-supervisor-at-mckinnel-associates-4444523587,Construction Supervisor,,scraped,2026-08-18T00:54:47.872207,
7fe2ac7374bbe8e6,https://pg.linkedin.com/jobs/view/radiographer-at-international-sos-4455232375,Radiographer,,scraped,2026-08-18T02:51:13.789667,
97c21575d1aad7f1,https://pg.linkedin.com/jobs/view/manager-research-analysis-at-kina-bank-4455542937,Manager Research & Analysis,,scraped,2026-08-18T02:51:22.401457,
82093accb2e30880,https://pg.linkedin.com/jobs/view/hep-impact-stories-advisor-at-tetra-tech-4455563800,HEP Impact Stories Advisor,Tetra Tech,posted,2026-08-18T02:51:54.821485,786
6443ba4f6d2f0772,https://pg.linkedin.com/jobs/view/finance-executive-at-digicel-pacific-4455580006,Finance Executive,,scraped,2026-08-18T04:31:17.575428,
29f54e8e543994db,https://pg.linkedin.com/jobs/view/crushing-screening-supervisor-specialist-at-nacap-pty-ltd-4454469526,Crushing & Screening Supervisor (Specialist),,scraped,2026-08-18T06:33:37.002884,
f491da2831273c70,https://pg.linkedin.com/jobs/view/geotechnical-engineer-at-tetra-tech-civil-solutions-4453981671,Geotechnical Engineer,Tetra Tech Civil Solutions,posted,2026-08-18T06:34:07.165936,708
5276103837887546,https://pg.linkedin.com/jobs/view/ports-and-shipping-specialist-at-ntu-international-a-s-4455578783,Ports and Shipping Specialist,,scraped,2026-08-18T08:29:40.251288,
a150fdbe8eceaa36,https://pg.linkedin.com/jobs/view/business-analyst-at-kina-bank-4454479749,Business Analyst,,scraped,2026-08-18T10:22:24.273672,
a2c80ca9269026df,https://pg.linkedin.com/jobs/view/lms-e-learning-specialist-at-centre-for-chronic-disease-control-4452554450,LMS & E-Learning Specialist,Centre for Chronic Disease Control,posted,2026-08-18T10:23:03.120814,788
d27f8501ed4cb995,https://pg.linkedin.com/jobs/view/senior-account-manager-dutch-speaking-mv02-at-internetvac-4453965870,Senior Account Manager (Dutch - speaking) MV02,Internetvac,posted,2026-08-18T10:23:26.968273,790
b749df1e5bd67ca8,https://pg.linkedin.com/jobs/view/intermediate-advanced-riggers-at-brunel-4452590678,Intermediate & Advanced Riggers,,scraped,2026-08-18T12:34:06.705239,
4fea333db754ae5b,https://pg.linkedin.com/jobs/view/general-manager-camg-%E2%80%93-png-air-at-pacific-aircrew-services-4455716425,General Manager CAMG – PNG Air,,scraped,2026-08-18T14:27:51.507901,
82a80f935ac1c1fb,https://pg.linkedin.com/jobs/view/engineer-maintenance-at-newmont-corporation-4454708160,"Engineer, Maintenance",Newmont Corporation,posted,2026-08-18T14:28:20.177353,531
9ad3df20aa7bf859,https://pg.linkedin.com/jobs/view/human-resource-business-partner-at-easy-skill-4454942151,Human Resource Business Partner,,scraped,2026-08-19T00:55:33.587471,
e08c8f502b0d9337,https://pg.linkedin.com/jobs/view/group-finance-manager-at-global-project-services-4455984455,Group Finance Manager,Global Project Services,posted,2026-08-19T00:56:42.749949,792
ae3311ef250f0cc7,https://pg.linkedin.com/jobs/view/fixed-plant-boilermakers-welders-at-brunel-4452572965,Fixed Plant Boilermakers/ Welders,,scraped,2026-08-19T00:57:05.293120,
e9dde38fa3524455,https://pg.linkedin.com/jobs/view/senior-video-editor-at-digicel-pacific-4455974317,Senior Video Editor,,scraped,2026-08-19T02:53:48.184871,
845b394c3f962a29,https://pg.linkedin.com/jobs/view/project-officer-western-province-partnership-apsp-at-abt-global-australia-4456156177,Project Officer_Western Province Partnership |APSP,,scraped,2026-08-19T04:32:06.922655,
642817f1530481bb,https://pg.linkedin.com/jobs/view/editor-news-production-at-digicel-pacific-4455970548,Editor (News & Production),,scraped,2026-08-19T04:33:05.876679,
a42ce6fbd0cdd44b,https://pg.linkedin.com/jobs/view/senior-document-writer-at-brunel-4453429794,Senior Document Writer,,scraped,2026-08-19T12:35:28.380205,
e26660d5a2b7b822,https://pg.linkedin.com/jobs/view/crane-operators-at-brunel-4452589831,Crane Operators,,scraped,2026-08-19T12:36:19.350498,
7906457120891d4d,https://pg.linkedin.com/jobs/view/maintenance-superintendent-at-st-barbara-limited-4452569090,Maintenance  Superintendent,St Barbara Limited,posted,2026-08-19T12:36:35.959764,794
ed0f1ed1f0fdec61,https://za.linkedin.com/jobs/view/chief-operating-officer-financial-services-at-global-talent-search-4447259798,Chief Operating Officer - Financial Services,,scraped,2026-08-19T12:36:38.665438,
12cc964b27fd1350,https://pg.linkedin.com/jobs/view/community-engagement-specialist-at-westpac-4455702096,Community & Engagement Specialist,,scraped,2026-08-19T14:27:12.445384,
3c619525e98b0d2c,https://za.linkedin.com/jobs/view/chief-executive-officer-financial-services-at-global-talent-search-4447260574,Chief Executive Officer - Financial Services,,scraped,2026-08-19T14:28:21.653893,
d11dce4558a0114f,https://pg.linkedin.com/jobs/view/tradesman-joiner-carpenter-4455413923,Tradesman Joiner Carpenter,Kumana Investment Limited,posted,2026-08-19T22:19:30.105276,796
76c2fd004c6ae8d0,https://pg.linkedin.com/jobs/view/veterinario-a-28-5h-1-600-1-800eu-netos-m%C3%A1laga-at-organizaci%C3%B3n-colegial-veterinaria-4456391667,VETERINARIO/A - 28.5H - 1.600 - 1.800EU/NETOS - MÁLAGA,,scraped,2026-08-19T22:19:52.641592,
f9e158df2619896e,https://pg.linkedin.com/jobs/view/technician-laboratory-at-newmont-corporation-4454985142,"Technician, Laboratory",Newmont Corporation,posted,2026-08-20T00:55:04.029360,798
7c60a2e8cd2ad353,https://pg.linkedin.com/jobs/view/environmental-coordinator-at-nacap-pty-ltd-4454241085,Environmental Coordinator,,scraped,2026-08-20T02:53:14.417079,
c4c109208e38e31b,https://pg.linkedin.com/jobs/view/deputy-principal-lihir-international-school-at-newmont-corporation-4455492477,"Deputy Principal, Lihir International School",Newmont Corporation,posted,2026-08-20T02:53:31.285533,800
9b6333f813eb61f6,https://pg.linkedin.com/jobs/view/principal-lihir-international-school-at-newmont-corporation-4455487536,"Principal, Lihir International School",Newmont Corporation,posted,2026-08-20T02:53:42.183435,802
24340994aa7682cb,https://pg.linkedin.com/jobs/view/hep-impact-stories-advisor-at-tetra-tech-4455476582,HEP Impact Stories Advisor,Tetra Tech,posted,2026-08-20T02:53:49.172587,786
86e3124f39988359,https://pg.linkedin.com/jobs/view/associate-director-institutional-non-financial-risk-png-at-anz-4456464069,"Associate Director, Institutional Non-Financial Risk, PNG",,scraped,2026-08-20T04:32:16.000955,
a6f54a5d040b116f,https://pg.linkedin.com/jobs/view/facilities-and-administration-coordinator-at-puma-energy-4454706490,Facilities and Administration Coordinator,Puma Energy,posted,2026-08-20T04:33:25.038543,804
1b82779ae1be79fa,https://pg.linkedin.com/jobs/view/papua-new-guinea-security-guard-port-moresby-temple-at-a-igreja-de-jesus-cristo-dos-santos-dos-%C3%BAltimos-dias-4455321136,Papua New Guinea: Security Guard (Port Moresby Temple),,scraped,2026-08-20T04:33:31.926965,
e4785cec620cf3ce,https://pg.linkedin.com/jobs/view/salesperson-4455473617,Salesperson,"Morobe Stationery, Cybertronics Ltd & Tenglik FX Finance - Lae",posted,2026-08-20T06:36:11.821311,509
c713a24f74e369fc,https://pg.linkedin.com/jobs/view/workshop-operations-manager-at-hargy-oil-palms-limited-4455616306,Workshop Operations Manager,Hargy Oil Palms Limited,posted,2026-08-20T06:36:54.856437,806
1aae835dc9ca34ad,https://pg.linkedin.com/jobs/view/administration-support-cleaner-at-world-vision-4456105865,Administration Support - Cleaner,,scraped,2026-08-20T06:36:57.215557,
9c7a0cdb45090149,https://pg.linkedin.com/jobs/view/assistant-production-manager-at-ofi-4456147300,Assistant Production Manager,,scraped,2026-08-20T08:31:29.529317,
c0d0c3fcf61db85f,https://pg.linkedin.com/jobs/view/admin-finance-executive-at-deugro-4455498777,Admin & Finance Executive,,scraped,2026-08-20T08:31:57.010208,
74a1a6a433755e42,https://pg.linkedin.com/jobs/view/industrial-hvac-technician-hvac-mechanic-at-ineos-styrolution-4416307336,Industrial HVAC Technician / HVAC Mechanic,,scraped,2026-08-20T10:24:32.176798,
d78529889e10ac87,https://pg.linkedin.com/jobs/view/sales-coach-at-coca-cola-europacific-partners-4456709259,Sales Coach,Coca-Cola Europacific Partners,posted,2026-08-20T12:36:11.614067,808
596493314db74f6e,https://pg.linkedin.com/jobs/view/mis-analyst-at-uhi-moray-4453853279,MIS Analyst,UHI Moray,posted,2026-08-20T12:36:26.862585,810
592577398a5e2e02,https://pg.linkedin.com/jobs/view/professional-high-school-english-teacher-at-newmont-corporation-4455610808,"Professional, High School English Teacher",Newmont Corporation,posted,2026-08-20T12:37:04.346886,812
2784212a70f7f5a0,https://pg.linkedin.com/jobs/view/professional-early-years-primary-teacher-at-newmont-corporation-4455477601,"Professional, Early Years Primary Teacher",Newmont Corporation,posted,2026-08-20T14:31:25.791650,814
7f8bcac7c0c3e8e7,https://pg.linkedin.com/jobs/view/operations-planner-at-puma-energy-4456002246,Operations Planner,,scraped,2026-08-20T16:28:00.871119,
1bb208edd33e282a,https://pg.linkedin.com/jobs/view/electronic-technician-at-bat-4455450311,Electronic Technician,,scraped,2026-08-20T16:28:15.255533,
c89505c3c95c8d36,https://pg.linkedin.com/jobs/view/trade-implementation-manager-lae-at-coca-cola-europacific-partners-4456728113,Trade Implementation Manager - Lae,Coca-Cola Europacific Partners,posted,2026-08-20T16:28:37.750524,816
ba2770947cbd7d2c,https://pg.linkedin.com/jobs/view/advisor-permits-at-newmont-corporation-4455694599,"Advisor, Permits",Newmont Corporation,posted,2026-08-20T18:32:11.826445,818
4b1ef7776b6fe7f8,https://pg.linkedin.com/jobs/view/senior-project-sales-executive%0A-1-at-isi-steel-4454128680,"Senior Project Sales Executive
            ( 1 )",,scraped,2026-08-20T22:21:21.245406,
9d3564aa9a2f5501,https://pg.linkedin.com/jobs/view/senior-credit-manager-personal-at-kina-bank-4456476163,Senior Credit Manager (Personal),,scraped,2026-08-20T22:22:12.805644,
e1f89850bd600d10,https://pg.linkedin.com/jobs/view/product-manager-high-value-customer-hvc-at-digicel-pacific-4457017937,Product Manager - High Value Customer (HVC),,scraped,2026-08-21T02:57:51.073025,
dcb8c9a01ad39e34,https://pg.linkedin.com/jobs/view/cost-engineer-at-easy-skill-4456057702,Cost Engineer,,scraped,2026-08-21T02:58:27.937119,
4e61c47bc4bbcefb,https://pg.linkedin.com/jobs/view/business-development-manager-at-digicel-pacific-4457007728,Business Development Manager,,scraped,2026-08-21T02:58:38.800031,
b4d436c5ecd890c6,https://pg.linkedin.com/jobs/view/fleet-maintenance-manager-at-global-talent-search-4432313980,Fleet & Maintenance Manager,,scraped,2026-08-21T04:33:11.464260,
467ba7a640f77998,https://pg.linkedin.com/jobs/view/open-positions-at-lloyds-metals-energy-ltd-4456097570,OPEN POSITIONS,,scraped,2026-08-21T06:36:17.765056,
44045db74abd6f1c,https://pg.linkedin.com/jobs/view/finance-technical-officer-cpha-path-at-abt-global-australia-4454170815,"Finance Technical Officer, CPHA | PATH",,scraped,2026-08-21T06:37:22.949379,
79e3adb53f818fb7,https://pg.linkedin.com/jobs/view/fleet-coordinator-at-bat-4456218012,Fleet Coordinator,,scraped,2026-08-21T08:33:29.748344,
38661bd8f859c8e9,https://pg.linkedin.com/jobs/view/papua-new-guinea-maintenance-technician-lae-at-the-church-of-jesus-christ-of-latter-day-saints-4456215158,Papua New Guinea: Maintenance Technician (Lae),The Church of Jesus Christ of Latter-day Saints,posted,2026-08-21T10:23:56.745089,820
8adef329c075a44a,https://pg.linkedin.com/jobs/view/superintendent-human-resources-information-systems-and-benefits-at-barrick-mining-corporation-4456096601,Superintendent - Human Resources Information Systems and Benefits,,scraped,2026-08-21T10:24:07.125251,
d47584c18e6536a2,https://pg.linkedin.com/jobs/view/railways-specialist-at-ntu-international-a-s-4457080959,Railways Specialist,,scraped,2026-08-21T10:24:25.695047,
fb7bdcb8bb969ecb,https://pg.linkedin.com/jobs/view/technical-specialist-reliability-at-brunel-4454611099,Technical Specialist - Reliability,,scraped,2026-08-21T12:35:42.558852,
7cce5263fc46aee8,https://pg.linkedin.com/jobs/view/natnat-epidemiologist-senior-trial-coordinator-at-burnet-institute-4457066431,NATNAT Epidemiologist / Senior Trial Coordinator,,scraped,2026-08-21T12:36:18.106387,
9be158d3d8cd6fd2,https://pg.linkedin.com/jobs/view/e-i-qa-qc-supervisor-at-brunel-4454196987,E&I QA/QC Supervisor,,scraped,2026-08-21T12:36:27.636647,
7273729d228761f5,https://pg.linkedin.com/jobs/view/enrolled-nurse-mental-health-inpatient-kenmore-hospital-goulburn-at-southern-nsw-local-health-district-4457307486,"Enrolled Nurse - Mental Health Inpatient, Kenmore Hospital - Goulburn",,scraped,2026-08-21T12:36:38.815255,
33ee7f1265edc26e,https://pg.linkedin.com/jobs/view/clinical-nurse-specialist-grade-2-mental-health-inpatient-kenmore-hospital-goulburn-at-southern-nsw-local-health-district-4457313396,"Clinical Nurse Specialist Grade 2 - Mental Health Inpatient, Kenmore Hospital - Goulburn",,scraped,2026-08-21T12:36:46.045005,
12595fb7c4e97182,https://pg.linkedin.com/jobs/view/cost-engineer-at-easy-skill-4456058775,Cost Engineer,,scraped,2026-08-21T12:37:06.613044,
0f8216b4cd8d9c85,https://pg.linkedin.com/jobs/view/enrolled-nurse-mental-health-inpatient-kenmore-hospital-goulburn-at-southern-nsw-local-health-district-4457316388,"Enrolled Nurse - Mental Health Inpatient, Kenmore Hospital - Goulburn",,scraped,2026-08-21T12:37:13.660067,
1935b76c8c4981eb,https://pg.linkedin.com/jobs/view/smp-qa-qc-supervisor-at-brunel-4454613054,SMP QA/QC Supervisor,,scraped,2026-08-21T14:29:50.274160,
3440fa495c3714a6,https://pg.linkedin.com/jobs/view/enterprise-resource-planning-erp-specialist-at-cc-pacific-limited-4456069529,Enterprise Resource Planning (ERP) Specialist,CC Pacific Limited,posted,2026-08-21T18:29:37.377493,822
95182d889194fc0e,https://pg.linkedin.com/jobs/view/project-manager-at-mvl-group-4457340313,Project Manager,MVL Group,posted,2026-08-21T20:20:05.460008,547
4552fcafde30ef32,https://pg.linkedin.com/jobs/view/ict-service-operations-specialist-at-kina-bank-4456455881,ICT Service Operations Specialist,,scraped,2026-08-21T20:20:24.050710,
9aa8dcee025ce67a,https://pg.linkedin.com/jobs/view/b1-engineer-atr-42-72-papua-new-guinea-at-aviation-jobsearch-europa-4457504857,B1 Engineer - ATR-42/72 - Papua New Guinea,Aviation JobSearch Europa,posted,2026-08-21T22:18:28.693801,824
3188632ebc9688a5,https://pg.linkedin.com/jobs/view/cafe-manager-at-the-wildlife-trusts-4454660567,Cafe Manager,,scraped,2026-08-22T00:54:55.298546,
8833d0f360c53436,https://pg.linkedin.com/jobs/view/e-i-qa-qc-supervisor%0Ain-port-moresby-national-capital-district-at-resource-jobs-4457378987,"E&I QA/QC Supervisor
in Port Moresby, National Capital District",Resource Jobs,posted,2026-08-22T02:50:38.607182,826
d2d6a5e4be796c7a,https://pg.linkedin.com/jobs/view/b1-3-licensed-engineer-with-b212-and-b412-png-at-aviation-jobsearch-europa-4457506831,B1.3 Licensed Engineer with B212 and B412 - PNG,Aviation JobSearch Europa,posted,2026-08-22T04:28:48.040316,828
80dab086b0b9bded,https://pg.linkedin.com/jobs/view/b2-licensed-engineer-h145-ec145-bk117-at-aviation-jobsearch-europa-4457510850,B2 Licensed Engineer - H145/EC145/BK117,Aviation JobSearch Europa,posted,2026-08-22T06:31:13.000865,830
1eb8353d59a9bdca,https://pg.linkedin.com/jobs/view/%D1%81%D0%BF%D0%B5%D1%86%D0%B8%D0%B0%D0%BB%D0%B8%D1%81%D1%82-%D0%BE%D0%B1%D1%81%D0%BB%D1%83%D0%B6%D0%B2%D0%B0%D0%BD%D0%B5-%D0%BD%D0%B0-%D0%BA%D0%BB%D0%B8%D0%B5%D0%BD%D1%82%D0%B8-%D0%B2-%D1%81%D0%B5%D1%80%D0%B2%D0%B8%D0%B7%D0%B5%D0%BD-%D1%86%D0%B5%D0%BD%D1%82%D1%8A%D1%80-4455990149,Специалист обслужване на клиенти в сервизен център,Kaderabotim.bg,failed|wp_post_failed,2026-08-22T08:22:58.376169,
5ca30754767f3610,https://pg.linkedin.com/jobs/view/smp-qa-qc-supervisor%0Ain-port-moresby-national-capital-district-at-resource-jobs-4457380893,"SMP QA/QC Supervisor
in Port Moresby, National Capital District",Resource Jobs,posted,2026-08-22T16:17:50.549150,832
21d3d5b3b19fe832,https://pg.linkedin.com/jobs/view/technical-specialist-reliability%0Ain-port-moresby-national-capital-district-at-resource-jobs-4457391867,"Technical Specialist - Reliability
in Port Moresby, National Capital District",Resource Jobs,posted,2026-08-23T04:31:46.642533,834
a649d73e400d95f7,https://pg.linkedin.com/jobs/view/papua-new-guinea-maintenance-technician-lae-at-a-igreja-de-jesus-cristo-dos-santos-dos-%C3%BAltimos-dias-4457358075,Papua New Guinea: Maintenance Technician (Lae),,scraped,2026-08-23T08:23:39.127883,
07d13e6168275674,https://pg.linkedin.com/jobs/view/workshop-operations-manager-at-the-png-recruiter-ltd-4456812306,Workshop Operations Manager,,scraped,2026-08-23T14:18:53.405227,
fdb9f95455027715,https://pg.linkedin.com/jobs/view/data-entry-clerk-borealis-at-st-barbara-limited-4455081421,Data Entry Clerk - Borealis,St Barbara Limited,posted,2026-08-23T16:19:36.285582,836
eeea8391f6755454,https://pg.linkedin.com/jobs/view/general-practitioner-4456821862,General Practitioner,ECHO Medical,posted,2026-08-23T22:16:13.816962,838
72812a3d5dce07d7,https://pg.linkedin.com/jobs/view/backend-php-engineer-at-airalo-4456046006,Backend/PHP Engineer,Airalo,posted,2026-08-24T00:57:38.124321,840
5a6bd9d2b8eb4be8,https://pg.linkedin.com/jobs/view/head-of-customer-value-management-at-global-talent-search-4458148670,Head of Customer Value Management,,scraped,2026-08-24T04:39:06.631271,
347fdb100a6a7e5f,https://pg.linkedin.com/jobs/view/chief-engineer-at-svitzer-4456843254,Chief Engineer,,scraped,2026-08-24T04:39:15.370352,
6066a955bf6f81af,https://pg.linkedin.com/jobs/view/officer-accounts-at-k92-mining-inc-4454692198,Officer - Accounts,,scraped,2026-08-24T04:39:22.048590,
0d3589a172bf105e,https://pg.linkedin.com/jobs/view/strassenbauer-in-strassenbaupraktiker-in-100%25-at-schutz-intervention-winterthur-4456204678,Strassenbauer:in / Strassenbaupraktiker:in (100%),Schutz & Intervention Winterthur,posted,2026-08-24T04:40:39.429670,842
0d1ea7325dcbeb58,https://pg.linkedin.com/jobs/view/management-consultant-at-fundacion-contingency-academy-4456144945,Management Consultant,Fundacion Contingency Academy,posted,2026-08-24T04:40:45.435518,734
314154dd8c512c67,https://pg.linkedin.com/jobs/view/commercial-manager-goroka-at-digicel-pacific-4458154240,Commercial Manager - Goroka,,scraped,2026-08-24T04:41:05.857442,
ebda3f7a7c3477e5,https://pg.linkedin.com/jobs/view/inventory-manager-technical-services-at-global-talent-search-4458180267,Inventory Manager - Technical Services,,scraped,2026-08-24T06:44:28.953759,
b5a4aae8386fed57,https://pg.linkedin.com/jobs/view/product-development-food-technology-manager-4456852485,Product Development & Food Technology Manager,Lamana Hotel,posted,2026-08-24T06:44:59.879378,844
353fab97ada0e96a,https://pg.linkedin.com/jobs/view/mate-at-svitzer-4456863240,Mate,,scraped,2026-08-24T06:45:40.710107,
0d261d3ce6a0c8a8,https://pg.linkedin.com/jobs/view/master-at-svitzer-4456850260,Master,,scraped,2026-08-24T06:45:49.691412,
d7e73fdae0cff086,https://pg.linkedin.com/jobs/view/talent-acquisition-partner-at-smec-an-sj-group-company-4458174675,Talent Acquisition Partner,SMEC (an SJ Group company),posted,2026-08-24T10:32:28.716193,846
0547e2ec054a52b7,https://pg.linkedin.com/jobs/view/quality-systems-coordinator-at-paradise-company-ltd-4456188638,Quality Systems Coordinator,,scraped,2026-08-24T10:32:47.372919,
639efbe8d7ffb762,https://pg.linkedin.com/jobs/view/safeguards-coordinator-at-dt-global-4454474150,Safeguards Coordinator,DT Global,posted,2026-08-24T10:33:00.591674,848
2845f987c4188554,https://pg.linkedin.com/jobs/view/second-engineer-at-svitzer-4456839251,Second Engineer,,scraped,2026-08-24T10:33:37.244697,
013ec033d8828856,https://pg.linkedin.com/jobs/view/distribution-utility-management-expert-team-leader-at-smec-an-sj-group-company-4458170741,Distribution Utility Management Expert/ Team Leader,SMEC (an SJ Group company),posted,2026-08-24T10:34:02.618968,850
1c663da084f27823,https://pg.linkedin.com/jobs/view/licensed-aircraft-maintenance-engineer-as332l2-b1-3-b2-at-helicopter-jobs-4458159457,Licensed Aircraft Maintenance Engineer - AS332L2 / B1.3 & B2,Helicopter Jobs,posted,2026-08-24T12:38:20.645047,852
6880b5daf1aaf2c3,https://pg.linkedin.com/jobs/view/licensed-aircraft-maintenance-engineer-b212-b412-b407-b1-3-b2-at-helicopter-jobs-4458161384,Licensed Aircraft Maintenance Engineer - B212/B412/B407 - B1.3 & B2,Helicopter Jobs,posted,2026-08-24T12:38:35.638308,854
1af5cc742a4f813b,https://pg.linkedin.com/jobs/view/senior-mine-planning-engineer-at-st-barbara-limited-4455836173,Senior Mine Planning Engineer,St Barbara Limited,posted,2026-08-24T12:39:08.226918,856
6b8e3f7ca3af787b,https://pg.linkedin.com/jobs/view/wash-officer-at-united-nations-volunteers-asia-the-pacific-4456875501,WASH Officer,United Nations Volunteers - Asia & the Pacific,posted,2026-08-24T14:37:00.280029,858
ed5c35187f9e28e3,https://pg.linkedin.com/jobs/view/eie-and-drm-policy-review-consultant-port-moresby-papua-new-guinea-office-based-5-months-open-for-international-candidates-only-req%23595248-at-unicef-bangladesh-4457111417,"EiE and DRM Policy Review Consultant , Port Moresby, Papua New Guinea, Office based, 5 Months. (Open For International Candidates Only) Req#595248",,scraped,2026-08-24T16:30:47.839370,
930f53fbd14a3abd,https://pg.linkedin.com/jobs/view/project-manager-tank-construction-maintenance-fifo-at-sun-engineering-4458253169,Project Manager - Tank Construction & Maintenance (FIFO),,scraped,2026-08-24T16:30:54.572066,
e1460e920a8f6068,https://pg.linkedin.com/jobs/view/brandschutzexperte-in-60-100%25-at-schutz-intervention-winterthur-4455451961,Brandschutzexperte:in (60 - 100%),Schutz & Intervention Winterthur,posted,2026-08-24T22:21:22.457842,860
f87525a45bee1684,https://pg.linkedin.com/jobs/view/eie-and-drm-policy-review-consultant-port-moresby-papua-new-guinea-office-based-5-months-open-for-international-candidates-only-req%23595248-at-unicef-chad-4456503685,"EiE and DRM Policy Review Consultant , Port Moresby, Papua New Guinea, Office based, 5 Months. (Open For International Candidates Only) Req#595248",Unicef CHAD,posted,2026-08-25T00:57:41.527208,862
4aeb67db5a3e902a,https://pg.linkedin.com/jobs/view/aviation-industry-roles-png-pilots-lame-management-business-development-at-cakum-global-4457145958,"Aviation Industry Roles - PNG (Pilots, LAME, Management, Business Development)",,scraped,2026-08-25T02:53:42.535751,
1e37df90e993d767,https://pg.linkedin.com/jobs/view/be350-faa-a-p-mechanic-at-rishworth-aviation-4457418019,BE350 FAA A&P Mechanic,,scraped,2026-08-25T02:54:01.987532,
dff11b3c580d8f7e,https://pg.linkedin.com/jobs/view/advisor-rme-delegate-at-newmont-corporation-4457465306,"Advisor, RME Delegate",Newmont Corporation,posted,2026-08-25T08:35:59.041392,864
